IP Address,Min,Avg,Max,Mdev
1.224.3.122,156.142,156.176,156.219,0.031 ms
1.255.134.136,156.697,156.714,156.726,0.012 ms
1.36.76.220,173.707,174.038,174.565,0.376 ms
1.4.214.148,261.503,267.676,273.115,4.768 ms
101.32.243.126,232.398,235.793,239.913,3.110 ms
103.105.212.106,231.147,231.198,231.297,0.070 ms
103.114.98.217,277.898,282.3,287.522,3.971 ms
103.117.192.14,274.563,278.224,285.351,5.039 ms
103.121.215.34,231.196,234.676,238.547,3.013 ms
103.122.32.10,227.906,228.888,229.388,0.694 ms
103.123.235.58,256.905,267.078,276.696,8.089 ms
103.15.60.21,258.046,258.503,259.347,0.597 ms
103.199.169.30,376.574,379.561,382.169,2.299 ms
103.21.244.36,4.092,4.135,4.194,0.043 ms
103.21.244.39,4.318,4.402,4.547,0.102 ms
103.21.244.63,4.145,4.198,4.226,0.037 ms
103.21.244.95,4.175,4.193,4.224,0.022 ms
103.212.99.235,170.671,170.694,170.739,0.031 ms
103.221.254.121,298.55,298.556,298.562,0.005 ms
103.221.54.113,267.411,270.256,273.101,2.845 ms
103.23.101.193,212.972,212.999,213.026,0.022 ms
103.23.236.238,270.789,277.331,286.153,6.476 ms
103.248.93.5,243.107,243.117,243.123,0.007 ms
103.25.209.50,226.707,226.963,227.275,0.235 ms
103.4.117.161,237.524,238.063,238.492,0.402 ms
103.65.214.147,225.94,252.163,290.162,27.508 ms
103.75.27.58,206.174,206.257,206.375,0.085 ms
103.79.96.145,230.877,239.812,246.097,6.490 ms
103.86.49.133,252.627,254.713,256.353,1.553 ms
104.223.135.178,56.685,56.808,56.94,0.104 ms
104.236.78.102,31.332,31.61,32.118,0.359 ms
106.0.48.132,213.716,213.931,214.218,0.211 ms
107.152.33.142,12.328,12.337,12.343,0.006 ms
107.152.44.51,31.483,31.551,31.603,0.050 ms
109.110.35.210,265.75,265.912,266.192,0.198 ms
109.194.101.128,150.223,150.243,150.263,0.020 ms
109.68.148.60,157.976,158.118,158.309,0.140 ms
109.73.32.10,176.663,176.765,176.838,0.074 ms
110.238.73.59,300.097,300.134,300.187,0.038 ms
110.77.134.106,252.079,252.163,252.213,0.059 ms
110.77.161.197,246.063,246.172,246.24,0.078 ms
110.78.149.235,269.808,296.567,345.033,34.332 ms
111.225.153.206,269.698,269.837,270.029,0.139 ms
112.229.107.62,366.093,380.985,395.337,11.944 ms
112.78.134.211,214.343,214.797,215.468,0.484 ms
112.78.137.106,197.631,200.295,204.859,3.241 ms
113.23.176.254,192.039,192.053,192.069,0.012 ms
113.53.94.12,291.508,291.695,291.882,0.187 ms
116.107.50.247,251.899,252.438,252.876,0.405 ms
116.202.209.248,131.384,131.431,131.472,0.036 ms
116.58.232.187,244.219,245.22,246.246,0.827 ms
116.90.229.186,299.881,303.983,311.931,5.620 ms
117.242.100.163,247.134,247.217,247.37,0.108 ms
117.29.80.222,246.948,248.885,252.487,2.549 ms
118.137.71.3,222.696,223.354,224.316,0.695 ms
118.172.187.127,257.168,258.473,260.382,1.379 ms
118.238.12.55,125.347,126.46,127.727,0.977 ms
118.67.223.4,284.464,291.398,300.627,6.794 ms
118.99.102.124,199.414,199.575,199.735,0.131 ms
119.18.84.22,176.417,179.126,183.239,2.956 ms
119.18.87.34,176.671,177.267,177.61,0.423 ms
119.3.158.56,228.558,228.614,228.709,0.067 ms
12.11.59.114,51.496,55.943,64.802,6.263 ms
120.28.194.30,243.699,243.88,244.165,0.203 ms
121.101.134.22,227.205,233.233,244.71,8.118 ms
121.126.5.169,208.917,502.2,867.517,273.654 ms
121.227.58.94,243.058,245.286,248.275,2.196 ms
122.136.212.132,403.618,416.474,435.712,13.857 ms
122.9.151.210,291.098,291.141,291.184,0.043 ms
123.200.17.107,266.081,268.189,270.196,1.681 ms
123.200.6.226,275.774,280.74,285.707,4.966 ms
123.56.106.161,246.258,246.266,246.274,0.008 ms
124.121.92.216,234.626,242.359,250.611,6.536 ms
124.40.246.210,234.26,234.37,234.572,0.142 ms
125.209.88.46,291.026,291.621,292.015,0.428 ms
128.199.202.122,228.502,228.747,229.185,0.310 ms
128.199.243.33,227.781,228.035,228.496,0.326 ms
131.0.226.198,219.703,219.996,220.529,0.377 ms
131.72.68.253,129.742,129.785,129.824,0.033 ms
132.148.6.255,54.661,54.739,54.779,0.055 ms
132.255.210.113,118.4,118.85,119.695,0.597 ms
134.122.58.174,120.49,120.709,120.943,0.185 ms
134.209.105.160,227.325,227.541,227.94,0.282 ms
135.181.32.230,124.213,124.267,124.372,0.074 ms
136.243.134.87,131.738,131.767,131.795,0.023 ms
137.184.197.190,31.035,33.485,38.316,3.415 ms
138.118.213.213,214.104,216.016,219.708,2.610 ms
138.121.113.164,170.868,171.176,171.541,0.277 ms
138.68.136.139,105.875,106.498,107.737,0.876 ms
138.68.235.51,49.993,50.254,50.749,0.349 ms
138.68.75.207,112.188,112.57,113.33,0.537 ms
139.162.44.152,210.374,210.408,210.429,0.024 ms
139.196.73.1,211.843,211.892,211.933,0.037 ms
139.255.63.170,216.566,216.702,216.849,0.115 ms
139.99.131.74,201.916,202.001,202.093,0.072 ms
139.99.237.62,277.39,277.489,277.637,0.106 ms
14.161.27.174,226.917,227.888,228.592,0.709 ms
14.207.145.52,262.476,264.037,267.144,2.196 ms
141.193.213.107,4.455,4.477,4.516,0.027 ms
141.193.213.59,4.32,4.376,4.425,0.043 ms
142.147.114.50,46.225,47.68,49.844,1.560 ms
143.198.182.218,31.259,31.715,32.563,0.600 ms
144.76.42.215,131.615,131.657,131.71,0.039 ms
146.196.123.211,270.664,272.784,274.159,1.521 ms
149.129.213.200,234.211,234.23,234.261,0.021 ms
152.67.75.117,121.16,121.208,121.283,0.053 ms
152.70.82.137,126.153,126.209,126.246,0.040 ms
154.13.4.76,57.455,58.117,58.859,0.575 ms
154.13.4.77,57.372,57.787,58.534,0.529 ms
154.13.4.78,56.921,57.328,58.068,0.524 ms
154.13.4.79,56.995,57.077,57.15,0.063 ms
154.13.4.80,56.747,57.209,57.858,0.472 ms
154.212.7.242,63.98,64.53,65.615,0.767 ms
154.236.177.100,191.153,191.594,191.856,0.314 ms
156.200.116.68,160.018,161.845,164.84,2.134 ms
156.67.214.200,191.539,191.564,191.605,0.028 ms
157.100.56.94,159.485,159.513,159.542,0.023 ms
157.119.211.133,246.541,247.548,248.371,0.758 ms
157.245.33.31,105.735,106.063,106.699,0.449 ms
158.69.185.37,36.542,36.544,36.549,0.003 ms
158.69.52.218,36.303,36.328,36.349,0.019 ms
158.69.53.132,36.369,36.426,36.499,0.054 ms
159.192.138.170,244.482,245.744,248.115,1.677 ms
159.192.253.73,234.474,235.217,235.96,0.743 ms
159.203.84.241,31.634,31.86,32.233,0.265 ms
159.223.87.53,227.659,228.155,229.14,0.696 ms
159.224.243.185,137.787,140.606,145.972,3.795 ms
159.89.228.253,30.861,31.496,31.831,0.449 ms
161.117.89.36,239.004,241.039,242.931,1.606 ms
161.35.214.127,115.731,116.018,116.215,0.207 ms
161.35.223.141,115.087,115.463,116.076,0.436 ms
162.19.50.37,111.102,111.123,111.134,0.015 ms
162.19.7.56,113.15,113.226,113.325,0.073 ms
162.241.43.120,34.356,34.372,34.383,0.011 ms
162.241.43.121,34.319,34.324,34.333,0.006 ms
162.243.174.235,31.12,31.341,31.761,0.296 ms
162.247.241.1,4.184,4.251,4.305,0.050 ms
162.247.241.16,4.076,4.1,4.126,0.020 ms
162.247.241.2,4.003,4.034,4.052,0.022 ms
162.247.241.6,4.32,4.331,4.352,0.014 ms
162.247.243.147,4.008,4.041,4.061,0.023 ms
162.247.243.149,4.101,4.105,4.112,0.004 ms
162.247.243.158,4.042,4.061,4.09,0.020 ms
162.247.243.189,4.267,4.33,4.441,0.078 ms
162.247.243.198,4.152,4.168,4.193,0.017 ms
162.247.243.53,4.187,4.262,4.385,0.087 ms
162.252.146.129,18.149,18.239,18.378,0.099 ms
162.55.186.138,129.494,129.521,129.575,0.037 ms
163.172.209.85,105.577,105.586,105.601,0.010 ms
164.68.105.235,127.592,127.661,127.798,0.096 ms
164.92.206.126,113.104,113.343,113.802,0.324 ms
165.154.225.65,185.269,185.552,185.891,0.257 ms
165.154.227.188,200.931,201.31,201.593,0.278 ms
165.154.235.156,47.764,47.975,48.163,0.163 ms
165.154.235.178,47.566,47.773,47.917,0.150 ms
165.154.235.188,47.795,48.128,48.652,0.374 ms
165.154.235.76,47.968,48.286,48.53,0.235 ms
165.154.243.252,200.513,200.807,201.164,0.269 ms
167.172.172.234,113.11,113.272,113.54,0.190 ms
167.172.178.68,112.545,112.565,112.576,0.014 ms
167.172.96.117,113.582,113.627,113.666,0.034 ms
167.71.199.211,213.121,213.758,214.131,0.452 ms
167.71.238.97,268.91,272.822,276.172,2.991 ms
168.181.196.76,148.081,149.42,151.81,1.693 ms
168.227.56.96,159.231,159.285,159.324,0.039 ms
170.106.187.123,56.878,56.889,56.912,0.015 ms
170.106.187.22,59.356,59.374,59.405,0.021 ms
170.106.188.14,58.19,58.197,58.202,0.005 ms
170.150.32.206,178.868,180.839,184.295,2.451 ms
170.233.176.128,197.084,197.136,197.233,0.068 ms
170.238.79.2,140.207,140.249,140.297,0.036 ms
170.246.85.108,121.252,121.359,121.553,0.137 ms
170.254.201.38,157.868,157.945,157.987,0.054 ms
170.254.201.40,160.947,161.881,162.443,0.665 ms
171.233.79.234,248.179,248.591,249.3,0.503 ms
171.97.200.7,251.29,251.484,251.647,0.147 ms
172.104.206.170,216.887,216.948,217.046,0.069 ms
172.104.241.29,112.182,112.194,112.203,0.008 ms
172.105.150.126,28.265,28.621,29.308,0.485 ms
172.105.184.208,210.394,210.409,210.423,0.011 ms
172.64.141.2,28.668,28.677,28.688,0.008 ms
172.64.150.229,4.338,4.386,4.437,0.040 ms
172.64.157.2,4.261,4.273,4.291,0.012 ms
172.64.158.169,4.216,4.295,4.428,0.094 ms
172.67.0.26,15.949,15.961,15.975,0.010 ms
172.67.0.6,16.055,16.077,16.099,0.017 ms
172.67.128.62,16.154,16.188,16.255,0.047 ms
172.67.133.207,16.922,16.951,16.968,0.020 ms
172.67.144.93,16.748,16.762,16.785,0.016 ms
172.67.148.92,16.75,16.784,16.817,0.027 ms
172.67.165.119,16.682,16.694,16.704,0.009 ms
172.67.167.15,16.643,16.7,16.732,0.040 ms
172.67.167.159,16.82,16.855,16.893,0.029 ms
172.67.167.30,16.282,16.315,16.338,0.023 ms
172.67.170.16,16.005,16.04,16.066,0.025 ms
172.67.172.12,16.923,16.963,17.002,0.032 ms
172.67.176.11,16.02,16.043,16.066,0.018 ms
172.67.176.180,16.718,16.757,16.804,0.035 ms
172.67.176.218,15.888,15.951,15.992,0.045 ms
172.67.176.222,16.046,16.087,16.109,0.029 ms
172.67.176.250,16.165,16.2,16.236,0.029 ms
172.67.176.58,16.021,16.056,16.086,0.026 ms
172.67.176.87,16.327,16.366,16.397,0.029 ms
172.67.177.132,16.871,16.926,17.016,0.063 ms
172.67.179.210,16.001,16.02,16.036,0.014 ms
172.67.180.14,16.164,16.203,16.24,0.031 ms
172.67.180.205,16.799,16.847,16.883,0.035 ms
172.67.180.24,16.158,16.203,16.26,0.042 ms
172.67.180.250,16.19,16.203,16.213,0.009 ms
172.67.180.251,16.756,16.791,16.815,0.025 ms
172.67.180.39,16.142,16.178,16.231,0.038 ms
172.67.180.4,15.896,15.969,16.033,0.056 ms
172.67.180.53,16.022,16.057,16.093,0.029 ms
172.67.180.58,15.98,16.009,16.027,0.020 ms
172.67.180.59,15.972,16.029,16.083,0.045 ms
172.67.181.107,16.334,16.343,16.356,0.009 ms
172.67.181.122,16.581,16.612,16.629,0.022 ms
172.67.181.126,16.873,16.918,16.962,0.036 ms
172.67.181.156,16.675,16.722,16.786,0.046 ms
172.67.181.162,16.063,16.115,16.162,0.040 ms
172.67.181.195,16.67,16.686,16.703,0.013 ms
172.67.181.210,16.872,16.923,17.021,0.069 ms
172.67.181.251,16.179,16.391,16.805,0.292 ms
172.67.181.26,16.035,16.067,16.093,0.024 ms
172.67.181.33,16.82,16.889,17.005,0.082 ms
172.67.181.74,16.675,16.694,16.726,0.022 ms
172.67.181.87,16.15,16.192,16.218,0.029 ms
172.67.181.91,16.292,16.305,16.324,0.013 ms
172.67.182.128,16.133,16.159,16.178,0.019 ms
172.67.182.132,16.885,16.916,16.974,0.040 ms
172.67.182.14,16.743,16.763,16.792,0.020 ms
172.67.182.142,16.593,16.633,16.701,0.048 ms
172.67.182.163,16.022,16.061,16.088,0.028 ms
172.67.182.17,16.238,16.263,16.298,0.025 ms
172.67.182.26,16.181,16.212,16.23,0.022 ms
172.67.182.8,16.663,16.678,16.699,0.015 ms
172.67.185.152,16.168,16.206,16.23,0.027 ms
172.67.185.154,16.725,16.745,16.759,0.014 ms
172.67.185.165,16.807,16.816,16.829,0.009 ms
172.67.185.171,15.925,15.939,15.96,0.014 ms
172.67.185.177,16.002,16.052,16.08,0.035 ms
172.67.185.198,16.961,16.992,17.008,0.021 ms
172.67.185.207,16.072,16.155,16.265,0.081 ms
172.67.187.243,16.045,16.118,16.179,0.055 ms
172.67.191.242,16.734,16.77,16.793,0.025 ms
172.67.192.37,16.746,16.782,16.81,0.026 ms
172.67.192.46,16.736,16.765,16.824,0.041 ms
172.67.193.241,16.339,21.86,32.885,7.795 ms
172.67.199.44,16.129,16.134,16.138,0.004 ms
172.67.201.154,16.771,16.795,16.832,0.026 ms
172.67.208.171,16.079,16.093,16.107,0.011 ms
172.67.221.168,15.999,16.142,16.322,0.134 ms
172.67.24.177,16.745,16.789,16.814,0.031 ms
172.67.25.199,16.833,16.865,16.906,0.030 ms
172.67.255.213,16.666,16.689,16.702,0.016 ms
172.67.255.225,16.698,16.73,16.792,0.043 ms
172.67.3.137,16.082,16.104,16.138,0.024 ms
172.67.3.62,16.703,16.725,16.758,0.023 ms
172.67.3.69,16.123,16.205,16.247,0.057 ms
172.67.3.77,16.556,16.603,16.631,0.033 ms
172.67.3.97,15.978,16.025,16.074,0.039 ms
172.67.43.16,16.573,16.595,16.611,0.016 ms
172.67.44.13,16.021,16.059,16.088,0.028 ms
172.67.51.155,16.172,16.182,16.194,0.009 ms
172.67.65.209,16.738,16.78,16.811,0.030 ms
172.67.7.187,16.161,16.191,16.217,0.023 ms
172.67.70.155,16.233,16.26,16.294,0.025 ms
172.67.70.171,16.191,16.253,16.333,0.059 ms
172.67.70.232,16.2,16.235,16.275,0.030 ms
172.67.70.251,16.907,16.917,16.924,0.007 ms
172.67.73.243,16.296,16.329,16.349,0.023 ms
172.67.75.181,16.726,16.771,16.798,0.032 ms
172.67.75.204,16.039,16.095,16.153,0.046 ms
173.212.195.139,127.049,127.064,127.093,0.020 ms
173.245.49.10,4.286,5.269,7.206,1.369 ms
173.245.49.11,4.154,4.212,4.297,0.061 ms
173.245.49.110,4.049,4.126,4.281,0.109 ms
173.245.49.113,4.153,4.191,4.247,0.040 ms
173.245.49.36,3.994,4.022,4.067,0.031 ms
173.245.49.43,4.004,4.033,4.061,0.023 ms
173.245.49.75,4.041,4.054,4.067,0.010 ms
173.245.49.80,3.969,3.987,4.001,0.013 ms
173.245.49.89,4.059,4.119,4.161,0.043 ms
173.82.149.243,50.464,50.539,50.651,0.080 ms
174.64.199.79,93.874,93.874,93.874,0.000 ms
175.213.188.28,187.89,187.998,188.164,0.119 ms
175.9.103.61,296.335,296.374,296.413,0.039 ms
176.241.142.3,147.291,158.497,180.875,15.823 ms
177.104.87.23,147.804,147.884,147.995,0.080 ms
177.184.67.69,185.574,185.752,186.016,0.190 ms
177.220.243.130,159.294,159.305,159.317,0.009 ms
177.53.153.27,123.646,123.68,123.747,0.047 ms
177.54.229.1,151.018,151.149,151.219,0.092 ms
177.91.96.233,171.151,171.519,171.708,0.260 ms
177.93.52.32,93.918,98.167,101.266,3.108 ms
178.128.173.12,105.772,106.117,106.709,0.420 ms
178.136.2.208,134.105,134.137,134.159,0.023 ms
178.150.148.38,137.446,137.464,137.492,0.019 ms
178.210.51.118,149.042,149.154,149.269,0.092 ms
178.212.196.177,159.666,162.526,165.097,2.226 ms
178.62.193.19,120.716,120.884,121.193,0.218 ms
179.43.81.135,136.356,136.728,137.017,0.276 ms
179.49.113.230,70.522,71.069,71.717,0.492 ms
180.178.106.137,214.566,214.826,215.335,0.359 ms
180.178.111.221,232.405,232.846,233.509,0.477 ms
180.183.173.20,270.411,270.452,270.505,0.039 ms
180.183.225.128,266.849,267.121,267.436,0.241 ms
180.183.4.165,252.857,252.958,253.018,0.072 ms
180.210.178.30,397.965,405.264,412.564,7.299 ms
180.211.91.44,259.244,259.653,260.461,0.570 ms
180.232.123.251,229.237,231.316,234.852,2.512 ms
181.143.106.162,93.887,94.377,94.746,0.361 ms
181.193.213.130,107.018,107.124,107.306,0.129 ms
181.78.27.38,163.099,163.138,163.212,0.051 ms
182.253.102.234,229.477,229.491,229.511,0.014 ms
182.253.109.156,209.973,210.117,210.34,0.159 ms
182.253.109.51,208.241,208.288,208.375,0.061 ms
182.253.169.110,198.58,198.595,198.609,0.011 ms
182.253.36.60,202.165,202.269,202.453,0.130 ms
182.72.203.242,287.555,287.726,287.944,0.162 ms
182.72.203.243,284.618,291.322,297.124,5.145 ms
182.93.30.250,175.006,175.127,175.3,0.125 ms
183.21.81.212,260.187,260.429,260.678,0.200 ms
183.88.130.128,269.231,269.757,270.097,0.377 ms
183.88.220.1,284.634,284.756,284.857,0.092 ms
183.88.44.183,257.37,257.465,257.569,0.081 ms
183.89.65.38,257.431,257.477,257.54,0.045 ms
183.89.9.1,269.164,269.244,269.337,0.071 ms
184.168.147.203,55.13,55.141,55.154,0.009 ms
184.178.172.5,90.128,90.305,90.46,0.136 ms
184.82.238.202,258.994,259.339,259.917,0.411 ms
185.15.172.212,184.6,184.94,185.298,0.285 ms
185.162.228.13,4.16,4.219,4.284,0.050 ms
185.162.228.136,4.04,4.059,4.074,0.014 ms
185.162.228.154,4.182,4.198,4.213,0.012 ms
185.162.228.196,4.008,4.079,4.149,0.057 ms
185.162.228.205,4.183,4.204,4.237,0.023 ms
185.162.228.207,4.292,4.328,4.361,0.028 ms
185.162.228.210,4.317,4.343,4.37,0.021 ms
185.162.228.224,4.098,4.151,4.187,0.038 ms
185.162.228.241,4.316,4.35,4.401,0.036 ms
185.162.229.121,4.038,4.052,4.072,0.014 ms
185.162.229.123,4.229,4.262,4.294,0.026 ms
185.162.229.174,4.157,4.202,4.263,0.044 ms
185.162.229.187,4.202,4.254,4.315,0.046 ms
185.162.229.191,4.141,4.17,4.2,0.024 ms
185.162.229.246,4.148,4.169,4.205,0.025 ms
185.162.229.253,4.123,4.146,4.184,0.026 ms
185.162.229.28,4.312,4.337,4.367,0.022 ms
185.162.229.50,4.188,4.226,4.294,0.048 ms
185.162.229.7,4.221,4.242,4.27,0.020 ms
185.162.230.108,4.123,4.204,4.338,0.095 ms
185.162.230.135,4.301,4.367,4.448,0.060 ms
185.162.230.146,4.38,4.534,4.796,0.186 ms
185.162.230.152,4.09,4.204,4.313,0.091 ms
185.162.230.16,4.06,4.074,4.083,0.010 ms
185.162.230.175,4.025,4.07,4.132,0.045 ms
185.162.230.218,4.246,4.26,4.276,0.012 ms
185.162.230.220,4.056,4.071,4.086,0.012 ms
185.162.230.223,4.273,4.298,4.334,0.026 ms
185.162.230.225,4.295,4.382,4.485,0.078 ms
185.162.230.242,4.129,4.149,4.162,0.014 ms
185.162.230.4,4.098,4.108,4.125,0.011 ms
185.162.230.52,3.992,4.072,4.216,0.101 ms
185.162.230.57,4.236,4.291,4.373,0.059 ms
185.162.230.6,4.358,4.465,4.525,0.075 ms
185.162.230.68,4.118,14.159,34.16,14.142 ms
185.162.231.106,4.298,4.363,4.491,0.090 ms
185.162.231.124,4.221,4.242,4.271,0.020 ms
185.162.231.13,4.331,4.422,4.6,0.125 ms
185.162.231.136,4.2,4.212,4.22,0.009 ms
185.162.231.138,4.323,4.349,4.39,0.029 ms
185.162.231.139,4.272,4.292,4.326,0.023 ms
185.162.231.16,4.273,4.296,4.316,0.017 ms
185.162.231.196,4.086,4.09,4.095,0.003 ms
185.162.231.236,4.208,4.228,4.252,0.018 ms
185.162.231.253,4.095,4.104,4.11,0.006 ms
185.162.231.30,4.352,4.406,4.492,0.061 ms
185.162.231.66,4.158,4.189,4.222,0.026 ms
185.162.231.73,4.317,4.342,4.378,0.025 ms
185.162.231.90,4.301,4.328,4.345,0.019 ms
185.180.236.18,209.301,210.265,212.133,1.321 ms
185.198.61.146,114.176,114.208,114.233,0.024 ms
185.200.38.235,172.376,172.397,172.433,0.025 ms
185.238.228.122,4.062,4.071,4.081,0.007 ms
185.238.228.136,4.188,4.23,4.26,0.030 ms
185.238.228.244,4.082,8.729,17.968,6.532 ms
185.238.228.5,4.184,4.211,4.231,0.019 ms
185.238.228.67,4.198,4.32,4.515,0.138 ms
185.33.144.33,118.841,119.175,119.507,0.271 ms
186.126.77.200,437.556,543.881,696.272,110.529 ms
186.13.56.97,192.296,192.851,193.158,0.393 ms
186.159.3.193,98.117,98.837,100.242,0.993 ms
186.215.87.194,174.987,175.71,176.787,0.776 ms
187.130.139.197,82.732,82.779,82.838,0.043 ms
187.135.142.97,77.395,77.464,77.517,0.051 ms
187.171.90.4,73.138,73.407,73.623,0.201 ms
187.72.143.118,166.019,166.788,167.318,0.556 ms
188.0.147.102,194.186,194.833,195.213,0.460 ms
188.114.96.28,16.74,16.831,16.916,0.071 ms
188.114.98.192,16.815,16.887,17.02,0.093 ms
188.114.99.192,16.723,16.748,16.787,0.027 ms
188.133.157.61,168.892,175.364,185.381,7.183 ms
188.133.197.122,184.113,184.347,184.686,0.245 ms
188.40.96.177,131.316,131.349,131.369,0.023 ms
188.68.231.113,136.742,138.125,138.952,0.984 ms
189.174.143.230,58.44,60.747,63.147,1.922 ms
189.186.222.250,90.978,91.516,91.818,0.381 ms
189.204.254.186,73.048,73.669,74.34,0.528 ms
190.108.82.104,173.632,173.747,173.929,0.130 ms
190.180.35.148,143.369,143.536,143.801,0.189 ms
190.43.92.190,152.319,152.808,153.111,0.349 ms
190.61.101.205,73.804,73.827,73.861,0.024 ms
190.65.221.38,98.598,98.688,98.797,0.082 ms
191.101.251.130,4.348,4.513,4.834,0.226 ms
191.101.251.159,4.396,5.89,8.742,2.016 ms
191.101.251.205,4,4.034,4.097,0.044 ms
191.101.251.64,4.269,4.28,4.292,0.009 ms
191.101.251.94,4.22,4.238,4.257,0.015 ms
191.102.107.235,143.782,143.988,144.34,0.249 ms
191.103.219.225,83.959,84.038,84.169,0.092 ms
191.7.209.186,121.09,121.116,121.131,0.018 ms
191.97.16.118,91.166,91.944,92.732,0.639 ms
192.111.129.145,65.033,65.155,65.26,0.093 ms
192.111.137.34,61.82,62.221,62.565,0.306 ms
192.252.208.67,61.027,61.167,61.331,0.125 ms
192.46.233.69,112.143,112.239,112.297,0.068 ms
192.99.182.243,36.143,36.149,36.155,0.005 ms
194.163.40.130,202.797,202.82,202.865,0.031 ms
194.183.168.4,136.533,136.56,136.613,0.037 ms
194.195.213.197,29.586,29.958,30.674,0.506 ms
194.67.91.153,186.899,186.916,186.951,0.024 ms
194.87.188.114,157.759,158.422,159.622,0.849 ms
195.133.45.112,144.659,145.032,145.758,0.512 ms
195.138.90.226,150.166,150.385,150.705,0.231 ms
196.12.163.66,64.137,64.19,64.253,0.047 ms
198.229.231.13,15.78,15.799,15.834,0.024 ms
198.49.68.80,74.467,77.547,81.028,2.693 ms
198.59.191.234,54.622,55.91,58.37,1.740 ms
198.8.94.170,65,65.226,65.537,0.227 ms
2.138.31.92,155.797,155.957,156.083,0.119 ms
20.111.54.16,112.829,113.068,113.536,0.330 ms
20.113.136.195,118.82,118.913,119.031,0.087 ms
20.187.69.80,183.499,183.541,183.575,0.031 ms
20.205.109.189,183.839,183.888,183.979,0.063 ms
20.205.12.114,185.62,185.687,185.731,0.048 ms
20.206.106.192,146.385,146.424,146.447,0.027 ms
20.25.167.141,53.215,53.626,53.968,0.311 ms
20.87.216.191,271.396,271.426,271.466,0.029 ms
20.89.60.252,140.248,140.252,140.259,0.004 ms
200.103.102.18,194.142,194.261,194.473,0.150 ms
200.105.215.22,131.002,131.273,131.443,0.193 ms
200.131.157.120,163.451,164.696,165.833,0.975 ms
200.25.254.193,132.305,132.305,132.305,0.000 ms
200.62.96.71,81.937,81.983,82.051,0.048 ms
200.7.11.154,158.591,159.033,159.531,0.385 ms
200.85.169.18,123.724,125.259,127.256,1.478 ms
201.131.239.234,47.823,47.883,47.939,0.047 ms
201.158.44.163,140.811,141.263,141.686,0.357 ms
201.16.217.221,155.505,155.578,155.661,0.064 ms
201.182.251.94,105.178,105.185,105.199,0.009 ms
201.197.202.244,95.525,95.687,95.896,0.154 ms
201.217.49.2,160.217,160.81,161.754,0.674 ms
201.220.112.98,158.082,158.103,158.129,0.019 ms
201.222.76.34,144.358,144.656,144.919,0.230 ms
201.76.9.26,162.184,162.792,163.778,0.703 ms
201.77.108.225,55.3,55.407,55.522,0.090 ms
201.77.109.129,56.499,57.087,58.225,0.804 ms
201.77.110.129,57.713,58.643,60.227,1.125 ms
202.144.157.1,270.355,270.38,270.396,0.018 ms
202.147.198.115,242.823,243.035,243.23,0.166 ms
202.40.177.69,263.351,263.662,264.18,0.368 ms
203.128.75.196,212.462,213.465,215.39,1.361 ms
203.13.32.189,4.216,4.25,4.282,0.027 ms
203.13.32.23,4.271,4.307,4.333,0.026 ms
203.13.32.250,3.957,3.996,4.031,0.030 ms
203.13.32.42,4.268,4.273,4.284,0.007 ms
203.13.32.48,4.144,4.163,4.189,0.018 ms
203.13.32.88,4.043,4.072,4.121,0.034 ms
203.170.75.14,279.403,279.547,279.748,0.146 ms
203.198.207.253,170.531,170.785,171.075,0.223 ms
203.22.223.145,4.263,4.295,4.337,0.030 ms
203.22.223.147,4.038,4.067,4.087,0.021 ms
203.22.223.16,4.32,4.416,4.599,0.129 ms
203.22.223.164,4.01,4.046,4.096,0.036 ms
203.22.223.201,4.247,4.267,4.307,0.028 ms
203.22.223.216,4.02,4.055,4.074,0.025 ms
203.22.223.243,4.099,4.141,4.212,0.050 ms
203.22.223.248,4.273,4.287,4.302,0.011 ms
203.22.223.39,4.289,4.363,4.463,0.073 ms
203.22.223.43,4.13,4.157,4.204,0.032 ms
203.22.223.47,4.263,4.288,4.312,0.020 ms
203.22.223.62,4.123,4.157,4.209,0.037 ms
203.22.223.93,4.203,4.223,4.252,0.020 ms
203.23.103.100,4.139,4.145,4.156,0.007 ms
203.23.103.12,4.131,4.194,4.236,0.045 ms
203.23.103.138,4.217,4.241,4.269,0.021 ms
203.23.103.162,4.339,4.413,4.52,0.077 ms
203.23.103.186,4.175,4.211,4.275,0.044 ms
203.23.103.189,4.21,4.316,4.399,0.078 ms
203.23.103.195,4.177,4.22,4.256,0.032 ms
203.23.103.246,4.198,4.218,4.248,0.021 ms
203.23.103.3,4.036,4.04,4.048,0.005 ms
203.23.103.48,4.16,4.19,4.207,0.021 ms
203.23.104.0,4.229,4.241,4.249,0.008 ms
203.23.104.107,4.053,4.116,4.167,0.047 ms
203.23.104.11,4.033,4.055,4.096,0.028 ms
203.23.104.117,4.182,4.198,4.224,0.018 ms
203.23.104.119,4.179,4.193,4.219,0.018 ms
203.23.104.123,4.336,4.392,4.464,0.053 ms
203.23.104.126,4.172,4.309,4.535,0.160 ms
203.23.104.130,4.03,4.069,4.106,0.031 ms
203.23.104.177,4.162,4.221,4.28,0.048 ms
203.23.104.181,4.053,4.119,4.202,0.061 ms
203.23.104.190,4.293,4.295,4.299,0.002 ms
203.23.104.211,4.184,4.238,4.28,0.040 ms
203.23.104.40,4.083,4.105,4.147,0.029 ms
203.23.106.12,4.314,4.337,4.359,0.018 ms
203.23.106.120,4.305,4.358,4.414,0.044 ms
203.23.106.128,4.011,4.069,4.134,0.050 ms
203.23.106.172,4.19,4.21,4.225,0.015 ms
203.23.106.21,4.056,4.14,4.296,0.109 ms
203.23.106.50,4.222,4.227,4.233,0.004 ms
203.23.106.57,4.242,4.284,4.363,0.055 ms
203.24.102.101,4.119,4.164,4.196,0.033 ms
203.24.102.130,4.353,4.375,4.408,0.023 ms
203.24.102.153,4.308,4.331,4.357,0.020 ms
203.24.102.187,4.27,4.305,4.328,0.025 ms
203.24.102.196,4.075,4.116,4.141,0.029 ms
203.24.102.199,4.269,4.285,4.305,0.015 ms
203.24.102.22,4.208,4.267,4.382,0.081 ms
203.24.102.223,4.113,4.125,4.144,0.013 ms
203.24.102.25,4.366,4.375,4.382,0.007 ms
203.24.102.39,4.157,4.215,4.292,0.056 ms
203.24.103.127,4.166,4.174,4.186,0.008 ms
203.24.103.157,4.236,4.317,4.431,0.082 ms
203.24.103.159,4.043,4.053,4.069,0.011 ms
203.24.103.176,4.241,4.252,4.26,0.008 ms
203.24.103.178,4.158,4.192,4.228,0.028 ms
203.24.103.26,4.256,4.296,4.332,0.031 ms
203.24.103.70,4.036,4.108,4.238,0.092 ms
203.24.103.71,4.206,4.733,5.732,0.706 ms
203.24.103.74,4.123,4.144,4.165,0.017 ms
203.24.108.100,4.185,4.257,4.387,0.091 ms
203.24.108.102,4.198,4.24,4.269,0.030 ms
203.24.108.111,4.207,4.238,4.292,0.038 ms
203.24.108.122,4.381,4.422,4.454,0.030 ms
203.24.108.13,4.142,4.171,4.214,0.030 ms
203.24.108.136,4.22,4.369,4.625,0.181 ms
203.24.108.151,4.056,4.096,4.132,0.031 ms
203.24.108.159,4.194,4.214,4.243,0.020 ms
203.24.108.186,4.125,4.15,4.195,0.031 ms
203.24.108.197,4.325,4.389,4.481,0.066 ms
203.24.108.37,4.24,4.259,4.28,0.016 ms
203.24.108.39,4.107,4.138,4.158,0.022 ms
203.24.109.123,4.055,4.071,4.104,0.023 ms
203.24.109.13,4.339,4.407,4.498,0.066 ms
203.24.109.161,4.311,4.325,4.338,0.011 ms
203.24.109.189,4.172,4.323,4.521,0.146 ms
203.24.109.190,4.043,4.057,4.077,0.014 ms
203.24.109.197,4.099,4.134,4.169,0.028 ms
203.24.109.22,4.252,4.258,4.263,0.004 ms
203.24.109.250,4.191,5.196,7.166,1.393 ms
203.24.109.59,4.261,4.382,4.455,0.086 ms
203.24.109.83,4.28,4.281,4.282,0.000 ms
203.28.8.0,4.072,4.237,4.542,0.215 ms
203.28.8.111,4.186,4.199,4.207,0.009 ms
203.28.8.116,4.118,4.175,4.214,0.041 ms
203.28.8.129,4.053,4.087,4.115,0.025 ms
203.28.8.130,4.277,4.324,4.394,0.050 ms
203.28.8.159,4.115,4.131,4.152,0.015 ms
203.28.8.166,4.112,4.158,4.186,0.032 ms
203.28.8.168,4.237,4.265,4.282,0.020 ms
203.28.8.18,4.008,4.063,4.102,0.040 ms
203.28.8.233,4.038,4.073,4.103,0.026 ms
203.28.8.43,4.035,4.122,4.208,0.070 ms
203.28.8.58,4.152,4.198,4.233,0.034 ms
203.28.9.110,4.184,4.218,4.246,0.025 ms
203.28.9.111,4.33,4.367,4.429,0.044 ms
203.28.9.118,4.123,4.167,4.229,0.044 ms
203.28.9.124,4.3,4.312,4.335,0.016 ms
203.28.9.187,4.121,4.142,4.158,0.015 ms
203.28.9.2,4.083,4.139,4.223,0.060 ms
203.28.9.206,4.229,4.255,4.276,0.019 ms
203.28.9.221,4.177,4.196,4.21,0.014 ms
203.28.9.240,3.996,4.029,4.062,0.026 ms
203.28.9.37,4.351,4.366,4.389,0.016 ms
203.28.9.61,4.06,4.074,4.085,0.010 ms
203.28.9.84,4.206,4.233,4.283,0.034 ms
203.28.9.87,4.259,4.368,4.505,0.102 ms
203.30.188.12,4.334,4.412,4.513,0.074 ms
203.30.188.152,4.25,4.254,4.259,0.003 ms
203.30.188.155,4.107,4.121,4.144,0.016 ms
203.30.188.172,4.036,4.059,4.1,0.028 ms
203.30.188.174,4.346,4.367,4.407,0.027 ms
203.30.188.19,4.154,4.212,4.272,0.048 ms
203.30.188.202,4.128,4.158,4.182,0.022 ms
203.30.188.221,4.371,4.445,4.497,0.053 ms
203.30.188.249,4.273,4.488,4.838,0.249 ms
203.30.188.55,4.028,4.071,4.152,0.057 ms
203.30.189.110,4.121,4.135,4.143,0.009 ms
203.30.189.143,4.172,4.205,4.241,0.028 ms
203.30.189.174,4.251,4.274,4.292,0.017 ms
203.30.189.192,4.148,4.175,4.2,0.021 ms
203.30.189.195,4.176,4.23,4.26,0.038 ms
203.30.189.246,4.129,4.167,4.219,0.037 ms
203.30.189.31,4.153,4.164,4.173,0.008 ms
203.30.189.38,4.027,4.047,4.073,0.019 ms
203.30.189.68,4.314,4.338,4.371,0.023 ms
203.30.189.86,4.363,4.386,4.402,0.017 ms
203.30.189.89,4.238,4.258,4.274,0.015 ms
203.30.189.92,4.041,4.06,4.088,0.020 ms
203.30.190.139,4.208,4.271,4.352,0.060 ms
203.30.190.150,4.168,4.198,4.216,0.021 ms
203.30.190.203,4.175,4.203,4.217,0.019 ms
203.30.190.223,4.224,4.307,4.399,0.071 ms
203.30.190.251,4.279,4.309,4.348,0.028 ms
203.30.190.69,4.257,4.281,4.309,0.021 ms
203.30.190.80,4.11,4.137,4.16,0.020 ms
203.30.190.85,4.207,4.244,4.297,0.038 ms
203.30.190.93,4.263,4.353,4.466,0.084 ms
203.30.190.98,4.162,4.263,4.352,0.078 ms
203.30.191.143,4.103,4.142,4.178,0.030 ms
203.30.191.151,4.272,4.287,4.312,0.017 ms
203.30.191.161,4.182,4.271,4.351,0.069 ms
203.30.191.167,4.273,4.291,4.329,0.026 ms
203.30.191.218,4.196,4.248,4.283,0.037 ms
203.30.191.224,4.113,6.319,10.653,3.064 ms
203.30.191.229,4.279,4.299,4.339,0.027 ms
203.30.191.241,4.263,4.27,4.281,0.007 ms
203.30.191.244,4.208,4.219,4.234,0.010 ms
203.30.191.40,4.316,4.359,4.385,0.031 ms
203.30.191.80,4.184,4.201,4.223,0.016 ms
203.32.120.109,4.241,4.26,4.285,0.018 ms
203.32.120.112,4.227,4.29,4.4,0.078 ms
203.32.120.128,4.273,4.297,4.34,0.030 ms
203.32.120.132,4.154,4.187,4.23,0.031 ms
203.32.120.134,4.201,4.248,4.308,0.044 ms
203.32.120.154,4.283,4.319,4.355,0.029 ms
203.32.120.18,4.165,4.23,4.323,0.067 ms
203.32.120.197,4.287,4.343,4.396,0.044 ms
203.32.120.232,4.298,4.308,4.329,0.014 ms
203.32.120.245,4.396,4.44,4.525,0.059 ms
203.32.120.8,4.268,4.3,4.331,0.025 ms
203.32.121.125,4.096,4.128,4.154,0.024 ms
203.32.121.128,3.993,4.035,4.094,0.042 ms
203.32.121.138,4.247,4.304,4.347,0.042 ms
203.32.121.154,4.187,4.275,4.373,0.076 ms
203.32.121.172,4.058,4.096,4.158,0.044 ms
203.32.121.20,4.129,4.182,4.211,0.037 ms
203.32.121.213,4.214,4.267,4.307,0.039 ms
203.32.121.217,4.167,4.352,4.658,0.217 ms
203.32.121.23,4.309,4.355,4.382,0.032 ms
203.32.121.230,4.011,4.032,4.061,0.021 ms
203.32.121.242,4.203,4.23,4.249,0.019 ms
203.32.121.3,4.307,4.335,4.35,0.019 ms
203.32.121.69,4.001,4.067,4.173,0.075 ms
203.32.121.80,4.155,4.205,4.253,0.040 ms
203.32.121.91,4.228,4.274,4.304,0.033 ms
203.34.28.100,4.179,4.214,4.276,0.043 ms
203.34.28.114,4.376,4.407,4.45,0.031 ms
203.34.28.130,4.046,4.063,4.093,0.020 ms
203.34.28.186,4.147,4.224,4.369,0.102 ms
203.34.28.187,4.024,4.06,4.111,0.036 ms
203.34.28.193,4.126,4.158,4.206,0.034 ms
203.34.28.205,4.284,4.327,4.38,0.039 ms
203.34.28.239,4.183,4.203,4.216,0.014 ms
203.34.28.243,4.266,4.301,4.341,0.030 ms
203.34.28.32,4.199,4.205,4.213,0.005 ms
203.34.28.34,4.139,4.17,4.19,0.022 ms
203.34.28.4,4.166,4.185,4.222,0.026 ms
203.34.28.9,4.211,4.246,4.287,0.031 ms
203.34.28.98,4.09,4.107,4.12,0.012 ms
206.189.146.13,228.211,228.595,229.332,0.521 ms
207.180.218.96,127.209,127.407,127.696,0.208 ms
207.180.224.75,127.632,127.773,127.962,0.138 ms
208.123.97.108,40.627,43.666,49.377,4.040 ms
209.97.176.112,105.646,105.965,106.416,0.327 ms
212.46.230.102,174.09,175.266,176.751,1.108 ms
213.32.75.88,114.756,116.31,119.381,2.171 ms
213.6.66.66,179.876,179.911,179.967,0.039 ms
216.74.255.182,33.422,33.49,33.611,0.085 ms
217.11.184.27,187.215,187.727,188.542,0.582 ms
218.75.69.50,223.863,224.068,224.179,0.145 ms
220.247.171.90,257.273,257.552,258.01,0.326 ms
222.252.156.61,191.254,191.341,191.479,0.098 ms
222.252.42.188,258.173,258.35,258.448,0.125 ms
223.207.101.95,283.967,285.028,285.927,0.808 ms
223.207.97.248,267.943,267.947,267.956,0.005 ms
23.143.160.18,69.144,69.35,69.739,0.275 ms
23.227.38.123,16.865,16.899,16.923,0.024 ms
23.227.38.126,16.695,16.729,16.775,0.033 ms
23.227.38.148,16.109,16.19,16.239,0.057 ms
23.227.38.16,16.1,16.108,16.121,0.009 ms
23.227.38.171,16.194,16.261,16.341,0.060 ms
23.227.38.197,16.202,16.219,16.232,0.012 ms
23.227.38.200,15.887,15.923,15.973,0.036 ms
23.227.38.239,16.173,16.243,16.345,0.073 ms
23.227.38.253,16.016,16.053,16.11,0.040 ms
23.227.38.3,16.16,16.186,16.213,0.021 ms
23.227.38.57,16.923,16.949,16.983,0.025 ms
23.227.39.76,16.166,16.195,16.212,0.021 ms
24.95.253.39,65.104,65.129,65.152,0.019 ms
27.159.66.41,261.343,262.791,263.531,1.024 ms
27.42.168.46,317.571,323.465,335.116,8.238 ms
27.79.149.3,236.629,238.366,239.535,1.252 ms
27.79.177.225,231.572,232.979,235.671,1.904 ms
31.13.33.20,136.84,136.901,136.998,0.069 ms
31.186.239.246,112.67,112.751,112.833,0.066 ms
31.192.233.163,26.137,26.194,26.255,0.048 ms
31.43.179.106,4.125,4.185,4.227,0.043 ms
31.43.179.11,4.234,4.272,4.315,0.033 ms
31.43.179.137,4.18,4.229,4.289,0.045 ms
31.43.179.14,4.191,4.21,4.246,0.025 ms
31.43.179.211,4.044,4.079,4.103,0.025 ms
31.43.179.237,4.06,4.071,4.093,0.015 ms
31.43.179.240,4.139,4.185,4.218,0.033 ms
31.43.179.30,4.071,4.097,4.148,0.035 ms
31.43.179.43,4.224,4.321,4.374,0.068 ms
34.171.218.65,21.143,21.157,21.176,0.013 ms
36.37.81.135,276.204,277.267,278.889,1.165 ms
36.66.171.243,230.536,230.575,230.624,0.036 ms
36.67.197.53,308.181,308.35,308.559,0.156 ms
36.67.45.71,272.214,272.855,273.233,0.455 ms
36.89.252.90,314.28,337.306,383.226,32.469 ms
36.91.173.11,236.375,236.711,237.287,0.408 ms
36.91.45.10,265.181,265.404,265.8,0.280 ms
36.91.68.148,224.709,224.763,224.818,0.054 ms
36.91.98.115,225.087,225.35,225.548,0.193 ms
36.93.189.147,226.616,226.894,227.248,0.263 ms
36.94.35.225,220.858,220.914,221.014,0.070 ms
36.95.17.93,242.818,243.021,243.224,0.203 ms
37.44.244.35,191.685,191.697,191.721,0.016 ms
37.57.15.43,303.461,307.017,312.353,3.841 ms
38.10.69.109,174.816,174.918,175.092,0.123 ms
38.15.85.32,41.604,41.758,41.906,0.123 ms
38.41.0.92,81.903,82.03,82.105,0.090 ms
38.7.16.188,62.367,62.417,62.47,0.042 ms
39.106.22.3,232.275,232.367,232.433,0.067 ms
40.122.255.148,9.632,13.395,20.906,5.310 ms
41.178.6.146,182.637,186.043,189.213,2.689 ms
41.203.83.66,211.416,211.733,211.899,0.224 ms
41.33.219.141,169.521,170.551,171.627,0.860 ms
41.33.47.146,152.797,152.853,152.934,0.058 ms
41.65.236.43,232.21,248.782,264.374,13.149 ms
41.65.236.58,222.566,233.848,240.323,8.006 ms
41.65.55.2,209.385,216.179,226.456,7.391 ms
41.77.13.186,283.675,283.712,283.733,0.026 ms
43.132.148.107,197.763,197.811,197.846,0.035 ms
43.155.69.95,197.22,197.233,197.244,0.009 ms
43.250.107.91,24.83,24.893,24.946,0.047 ms
45.114.36.137,273.688,273.768,273.865,0.073 ms
45.226.1.1,164.969,165.073,165.226,0.110 ms
45.228.235.26,115.713,115.763,115.819,0.043 ms
45.229.205.28,195.923,200.886,203.629,3.515 ms
45.233.67.203,115.003,115.136,115.357,0.157 ms
45.233.67.208,116.12,117.178,118.878,1.213 ms
45.233.67.209,114.38,115.434,117.527,1.479 ms
45.233.67.230,115.53,116.831,119.17,1.656 ms
45.5.145.164,122.62,124.847,127.096,1.827 ms
45.56.75.90,22.892,22.936,22.975,0.034 ms
45.70.15.2,122.646,123.278,124.535,0.888 ms
45.71.198.209,164.26,170.232,175.807,4.722 ms
45.77.107.115,31.671,31.685,31.708,0.016 ms
45.77.56.114,100.369,100.396,100.417,0.020 ms
46.101.126.180,114.029,114.248,114.664,0.294 ms
46.101.13.77,105.739,106.023,106.578,0.392 ms
46.101.179.133,112.89,113.185,113.643,0.328 ms
46.101.195.163,114.929,115.1,115.423,0.228 ms
46.4.96.137,130.863,130.914,131.015,0.070 ms
47.241.189.54,235.433,235.839,236.17,0.305 ms
47.242.40.222,184.32,184.338,184.364,0.018 ms
47.243.167.134,175.207,179.26,187.362,5.728 ms
47.243.31.48,175.743,175.775,175.806,0.025 ms
47.243.55.21,170.393,170.425,170.468,0.031 ms
47.251.12.73,56.231,56.309,56.427,0.084 ms
47.254.153.200,114.253,114.261,114.277,0.011 ms
47.254.247.192,213.574,213.606,213.643,0.028 ms
47.56.194.20,169.76,169.834,169.962,0.090 ms
47.74.152.29,236.612,236.636,236.653,0.017 ms
47.88.50.230,57.085,57.09,57.093,0.003 ms
47.88.6.66,56.214,56.284,56.323,0.050 ms
47.91.125.181,224.561,224.59,224.613,0.021 ms
47.91.42.219,196.268,196.287,196.312,0.018 ms
47.91.57.156,195.957,195.963,195.967,0.004 ms
47.91.88.100,114.303,114.347,114.41,0.045 ms
49.0.2.242,227.063,228.457,231.063,1.843 ms
49.174.224.140,193.761,193.862,193.996,0.098 ms
49.207.36.81,239.167,239.224,239.271,0.043 ms
49.49.193.184,257.345,257.441,257.57,0.094 ms
5.202.191.226,196.79,197.095,197.677,0.411 ms
5.58.110.249,144.394,144.453,144.491,0.042 ms
5.78.52.141,52.448,52.563,52.776,0.150 ms
50.232.250.157,50.49,50.634,50.889,0.180 ms
51.15.242.202,112.85,114.288,115.596,1.124 ms
51.159.115.233,112.913,112.973,113.007,0.042 ms
51.68.207.81,108.388,108.44,108.502,0.046 ms
51.79.50.22,36.272,36.337,36.375,0.046 ms
54.36.190.193,121.917,121.998,122.129,0.093 ms
54.37.98.108,114.594,114.848,115.198,0.255 ms
54.38.151.84,104.443,104.453,104.466,0.009 ms
58.27.59.249,219.478,219.522,219.581,0.043 ms
59.23.126.146,185.831,186.284,186.52,0.320 ms
62.171.160.215,127.367,127.744,128.416,0.476 ms
62.193.68.92,195.255,195.342,195.469,0.091 ms
62.32.92.124,220.32,220.469,220.728,0.183 ms
62.33.235.49,191.956,194.999,196.716,2.157 ms
64.224.255.173,36.857,37.253,38.008,0.533 ms
64.225.104.77,113.463,113.684,114.049,0.259 ms
64.225.8.192,31.536,31.829,32.374,0.385 ms
64.227.6.0,30.899,31.471,32.172,0.527 ms
64.56.218.185,33.683,33.749,33.88,0.092 ms
64.94.212.134,61.543,61.572,61.625,0.037 ms
65.108.232.45,120.681,120.691,120.705,0.010 ms
65.21.141.242,120.4,120.419,120.443,0.017 ms
66.29.154.103,65.625,66.023,66.282,0.285 ms
66.29.154.105,65.756,66.132,66.359,0.268 ms
66.94.108.138,32.6,32.817,33.231,0.292 ms
68.183.185.62,213.01,213.271,213.774,0.355 ms
68.183.191.179,227.644,227.888,228.338,0.318 ms
68.33.238.181,42.256,44.692,47.009,1.942 ms
70.166.167.38,93.279,93.399,93.52,0.120 ms
72.195.114.169,90.246,90.294,90.343,0.048 ms
72.206.181.103,90.237,90.594,90.952,0.357 ms
72.206.181.97,93.049,93.367,93.692,0.262 ms
72.210.208.101,93.137,93.551,93.966,0.414 ms
72.210.221.223,98.741,99.275,99.81,0.534 ms
72.217.216.239,100.509,111.186,117.108,7.565 ms
72.221.164.34,93.57,96.019,100.827,3.399 ms
72.221.232.152,90.715,90.821,90.943,0.093 ms
72.49.49.11,618.465,639.393,655.77,15.565 ms
75.72.55.108,13.101,13.592,14.204,0.458 ms
77.238.79.111,166.109,166.223,166.296,0.082 ms
77.39.127.61,160.97,161.773,162.437,0.606 ms
77.81.30.250,144.224,144.426,144.801,0.265 ms
77.83.86.205,176.17,185.867,202.45,11.781 ms
77.83.86.85,178.666,183.048,191.106,5.704 ms
78.47.68.183,128.683,128.799,128.914,0.094 ms
79.141.162.141,33.208,34.103,34.574,0.633 ms
8.142.149.186,237.523,244.05,249.609,4.981 ms
8.219.102.0,226.654,226.665,226.686,0.014 ms
8.219.97.248,227.359,227.373,227.387,0.011 ms
8.242.172.174,100.47,100.479,100.49,0.008 ms
8.242.176.196,111.621,112.469,114.153,1.190 ms
80.84.176.110,144.006,148.702,157.595,6.291 ms
81.12.106.158,221.307,227.047,234.874,5.731 ms
81.12.44.197,211.87,214.188,217.339,2.309 ms
81.171.24.199,112.706,112.726,112.764,0.026 ms
81.200.123.74,130.956,130.983,130.998,0.019 ms
82.114.90.109,145.109,145.589,146.054,0.385 ms
82.114.99.202,145.958,146.255,146.553,0.297 ms
82.147.118.164,287.188,296.149,301.56,6.381 ms
82.196.11.105,120.996,121.117,121.294,0.127 ms
82.200.150.194,234.051,234.718,235.422,0.560 ms
82.210.8.173,103.699,103.781,103.893,0.081 ms
82.77.129.205,144.21,145.722,148.729,2.126 ms
83.218.186.22,135.988,159.496,206.231,33.046 ms
83.77.118.53,112.585,112.785,112.998,0.168 ms
83.79.50.233,115.569,115.655,115.795,0.099 ms
84.201.254.47,151.692,151.722,151.745,0.022 ms
85.14.243.31,109.829,109.859,109.882,0.022 ms
85.195.104.71,120.432,120.447,120.476,0.020 ms
85.217.192.39,135.334,135.379,135.451,0.051 ms
85.25.91.141,122.957,122.977,122.995,0.015 ms
87.254.207.67,235.363,236.571,238.665,1.486 ms
88.157.181.42,124.106,124.128,124.145,0.016 ms
88.255.217.6,180.106,181.734,183.074,1.228 ms
89.111.104.2,123.998,124.215,124.399,0.165 ms
91.106.65.107,252.02,254.085,255.814,1.567 ms
91.121.175.124,109.599,110.667,112.618,1.381 ms
91.121.210.56,106.597,106.624,106.652,0.022 ms
91.211.245.176,128.888,128.925,128.987,0.044 ms
91.232.241.114,135.349,135.433,135.558,0.089 ms
91.235.75.33,155.31,155.547,155.902,0.255 ms
93.171.164.251,190.118,191.313,193.171,1.331 ms
93.174.242.68,141.102,141.262,141.57,0.217 ms
94.103.85.88,144.929,144.982,145.056,0.053 ms
94.127.219.99,138.397,140.24,143.815,2.528 ms
95.165.169.33,152.254,152.474,152.615,0.157 ms
95.182.78.3,137.791,139.077,141.614,1.793 ms
95.216.40.74,120.503,120.526,120.554,0.021 ms
95.216.9.166,124.263,124.287,124.31,0.019 ms
98.162.25.16,93.444,93.444,93.444,0.000 ms
98.170.57.231,90.352,90.81,91.269,0.458 ms
98.188.47.132,93.602,97.844,101.123,3.145 ms