IP Address,Latency
1.14.139.184,129.4636065
1.20.225.235,131.0599867
1.224.3.122,0.163830212
1.255.134.136,0.1660315
1.36.76.10,130.7114134
1.36.76.102,131.0619437
1.36.76.168,131.0619975
1.36.76.220,131.0640821
1.4.214.148,0.258900867
101.109.30.178,130.7946694
101.32.243.126,131.0585275
101.51.3.84,131.0702064
102.130.192.231,0.235392876
103.105.212.106,130.8151183
103.105.86.62,131.0619635
103.111.189.14,131.0613373
103.113.195.106,131.0614621
103.114.98.217,0.2829655
103.117.192.14,0.280682288
103.119.55.21,130.4804982
103.121.215.34,0.230872968
103.122.32.10,7.402412666
103.123.235.58,0.266882512
103.15.60.21,129.2749139
103.19.130.50,131.061466
103.199.169.30,131.0612516
103.21.244.36,0.006197907
103.21.244.39,0.005897418
103.21.244.63,0.005842631
103.21.244.95,0.005751456
103.212.99.235,0.17641484
103.221.254.121,130.844678
103.221.54.113,131.0621138
103.23.101.193,0.222078544
103.23.236.238,0.284588266
103.248.93.5,130.5314361
103.25.209.50,0.225126292
103.31.235.74,0.258134594
103.31.251.69,130.5585536
103.36.8.244,0.796252514
103.4.117.161,0.245114555
103.65.214.147,0.228773921
103.74.147.22,129.7625866
103.75.27.58,0.217639179
103.77.41.138,130.8347364
103.78.27.44,131.0615209
103.79.96.145,0.24189673
103.86.49.133,0.27454971
103.94.123.214,130.5250069
104.154.67.127,131.0615804
104.208.115.113,0.198379272
104.208.119.205,0.198936224
104.208.71.196,130.6441021
104.208.74.76,131.0650318
104.208.75.168,131.0586339
104.208.83.99,131.0610929
104.208.97.127,131.067644
104.208.97.22,131.0622552
104.208.98.217,0.192959447
104.208.99.32,130.8580351
104.208.99.66,131.0624727
104.223.135.178,131.0615511
104.236.78.102,0.041480081
104.45.128.122,0.037576874
106.0.48.132,130.9629639
106.14.255.124,131.0613382
107.1.93.211,0.073781342
107.1.93.222,0.07378756
107.148.193.177,130.8946802
107.152.33.142,0.021412678
107.152.44.51,0.040325006
107.173.148.253,130.9794851
108.61.175.7,131.0618076
109.110.35.210,0.280570092
109.194.101.128,130.7707658
109.68.148.60,0.219151155
109.73.32.10,0.198206292
110.238.73.59,130.6234948
110.34.1.46,131.0615508
110.77.134.106,0.245609196
110.77.161.197,130.8050465
110.78.149.235,0.260056221
110.83.46.232,130.7880522
111.225.153.206,131.0713709
111.68.40.15,131.0602735
112.229.107.62,131.0660033
112.78.134.211,131.0615635
112.78.137.106,131.0622268
113.23.176.254,0.19813712
113.30.153.127,0.11781244
113.30.153.3,0.119036551
113.30.154.149,0.117228133
113.30.155.159,0.118712213
113.30.155.230,0.117778365
113.30.155.34,0.117962426
113.53.94.12,0.272972927
113.69.25.224,129.7990027
114.115.223.222,131.061918
114.223.9.195,131.0612921
114.43.107.21,0.235396288
115.218.59.83,130.8160216
115.243.238.43,131.0617484
115.243.238.45,131.0619418
115.42.2.252,131.0615382
116.0.4.54,131.0614626
116.107.50.247,131.0617263
116.193.175.48,0.221177422
116.202.209.248,0.140049934
116.58.232.187,130.6805585
116.90.229.186,0.305083433
117.212.192.220,130.746411
117.242.100.163,131.0613862
117.29.80.222,131.0620193
118.137.71.3,0.226482499
118.172.187.127,130.8264596
118.175.93.94,131.0596034
118.238.12.55,0.13621421
118.67.223.4,0.284784383
118.99.102.124,0.208636743
119.18.84.22,130.4022791
119.18.87.34,0.186004419
119.18.88.62,130.8639402
119.3.122.177,131.0611982
119.3.158.56,131.0611693
119.42.152.252,131.0619781
119.51.198.61,131.0625394
12.11.59.114,0.060289596
120.28.194.30,0.253336212
121.101.134.22,0.235397485
121.126.105.81,0.18999933
121.126.106.184,0.193409686
121.126.109.159,0.189912337
121.126.119.30,0.197382688
121.126.12.236,0.189478191
121.126.126.156,0.190677406
121.126.128.199,0.191790893
121.126.134.24,0.189176164
121.126.161.75,0.195470049
121.126.178.62,0.19081088
121.126.182.122,0.194325165
121.126.182.16,0.193910966
121.126.191.238,0.193306113
121.126.203.33,0.198856915
121.126.220.74,0.19716906
121.126.222.111,0.190489881
121.126.244.26,0.197388039
121.126.246.146,0.193938382
121.126.248.103,0.190919338
121.126.251.113,0.188882322
121.126.251.251,0.194047715
121.126.40.100,0.186729871
121.126.43.186,0.192091567
121.126.5.169,0.371777868
121.126.57.29,0.195201893
121.126.57.31,0.193128605
121.126.58.216,0.18766935
121.126.61.54,0.192481105
121.126.64.70,0.189277097
121.126.65.9,0.195561106
121.126.82.125,0.196078081
121.227.58.94,130.1693798
122.136.212.132,131.0620734
122.9.151.210,0.269961265
123.145.123.58,130.7808715
123.200.17.107,0.275498081
123.200.6.226,0.272426332
123.56.106.161,130.4923049
124.121.92.216,131.0617504
124.198.10.254,0.191780458
124.198.109.176,0.192319628
124.198.109.179,0.188742766
124.198.114.76,0.186874881
124.198.115.122,0.191070476
124.198.115.58,0.189058559
124.198.16.22,0.189826511
124.198.26.3,0.192603033
124.198.34.87,0.19886139
124.198.42.147,0.188126585
124.198.42.89,0.190122944
124.198.43.172,0.19101822
124.198.61.213,0.191068944
124.198.63.23,0.193258892
124.198.70.1,0.94983118
124.198.71.163,0.190641298
124.198.88.51,1.227191478
124.198.95.47,0.190999334
124.40.246.210,129.7441825
125.209.88.46,1.308269847
125.7.136.198,0.188767203
125.7.154.182,0.189589707
125.7.161.169,0.184512683
125.7.161.192,0.197815514
125.7.175.238,0.19069606
125.7.176.43,0.192136541
125.7.184.10,0.191948423
125.7.185.209,0.199136959
125.99.58.110,130.1920588
126.28.52.99,131.0617412
128.199.202.122,0.237805468
128.199.243.33,0.233678195
128.90.142.199,130.5693393
128.90.171.188,131.061464
13.57.67.22,131.0616559
13.76.163.138,131.0613433
13.76.245.159,131.0594183
13.76.32.91,131.0697032
130.41.55.190,131.0623105
130.51.201.87,131.0614618
131.0.226.198,0.166893179
131.72.68.253,0.139092212
132.148.6.255,0.063712223
132.255.210.113,130.6603556
134.122.58.174,0.130463811
134.209.105.160,0.237543454
135.181.32.230,0.133817312
136.233.251.156,130.5281132
136.233.251.157,131.061853
136.243.134.87,0.140050407
137.184.197.190,130.9114616
137.74.90.232,131.0609092
138.118.123.134,131.0619699
138.118.213.213,0.218007278
138.121.113.164,0.218656959
138.68.136.139,130.6048282
138.68.235.51,131.0628345
138.68.75.207,131.0613302
139.162.44.152,0.21454058
139.196.73.1,0.228034846
139.255.63.170,0.214786317
139.255.88.52,0.226984403
139.99.131.74,0.210744443
139.99.237.62,0.263551671
14.161.27.174,129.6392352
14.177.7.187,131.0617064
14.207.145.52,131.0617718
14.232.166.150,131.0615638
14.99.85.141,131.0616248
140.227.61.156,2.38223189
140.83.32.175,1.139434186
141.193.213.107,0.013173341
141.193.213.59,0.013275542
142.147.114.50,3.105068228
142.93.223.246,130.5016053
143.198.152.50,131.0623059
143.198.182.218,0.041048759
143.47.177.138,131.0104126
144.76.42.215,0.140786042
145.239.85.58,130.9112838
146.190.18.150,131.0612372
146.196.123.211,0.281757524
146.56.119.252,130.7696571
148.251.143.81,131.0621557
148.251.191.8,131.0609471
149.129.213.200,0.249803742
149.18.28.37,130.8016283
149.18.28.56,131.0616216
149.18.28.83,131.0610651
149.18.28.88,131.0621623
149.18.29.12,131.0619268
149.18.31.204,131.0616624
149.18.31.36,131.0618207
149.18.56.153,131.0615539
149.18.56.242,131.0619166
149.18.57.167,131.0619734
149.18.57.30,131.0588224
149.18.58.122,131.0695574
149.57.13.137,131.0616442
149.57.14.125,131.0616452
149.57.15.60,131.0619042
151.181.91.10,131.0617037
151.74.250.186,0.166051809
152.169.187.209,130.884939
152.200.154.131,0.140240166
152.67.222.187,130.9089136
152.67.75.117,131.0689057
152.70.53.167,131.0612247
152.70.82.137,131.0622068
154.113.32.26,131.0616218
154.13.4.76,0.065035985
154.13.4.77,0.065398586
154.13.4.78,0.065683981
154.13.4.79,0.065388631
154.13.4.80,0.06582651
154.212.7.242,0.074499678
154.216.191.190,130.5999042
154.221.25.47,131.0612443
154.236.177.100,0.191595274
154.236.184.71,130.8651489
154.236.184.84,131.0617661
154.236.189.30,131.0614448
154.239.1.77,0.986011241
154.61.143.238,130.0663585
154.92.126.157,0.177418314
156.200.116.68,0.178869272
156.238.7.116,0.148597102
156.67.214.200,130.5253297
157.100.26.69,0.161317523
157.100.56.94,0.162530713
157.119.211.133,130.7171222
157.245.33.31,131.061718
157.90.151.147,131.0621235
158.101.23.25,131.0612826
158.101.98.148,131.0622471
158.69.185.37,0.043296591
158.69.52.218,131.0125347
158.69.53.132,131.061694
159.138.166.178,131.0616177
159.138.170.65,131.0614245
159.192.138.170,131.0616334
159.192.253.73,131.0617218
159.197.128.41,131.0620688
159.203.84.241,0.040484197
159.223.228.228,131.0110768
159.223.87.53,0.224701492
159.224.243.185,0.150225326
159.69.245.208,130.6659277
159.89.228.253,0.039932333
161.117.89.36,0.235730212
161.35.161.38,130.7667119
161.35.214.127,131.0622183
161.35.223.141,0.12379282
162.19.50.37,130.9284987
162.19.7.56,131.0621115
162.241.43.120,0.044710547
162.241.43.121,0.044850574
162.243.174.235,0.040767579
162.247.241.1,0.013387337
162.247.241.16,0.01319478
162.247.241.2,0.012852074
162.247.241.6,0.013237387
162.247.243.147,130.8124156
162.247.243.149,131.0618588
162.247.243.158,131.0619928
162.247.243.189,131.0620434
162.247.243.198,131.061881
162.247.243.53,131.0619814
162.252.146.129,0.066739464
162.55.186.138,0.137996983
162.55.188.222,130.8358167
163.172.168.124,131.0617471
163.172.182.164,131.0617746
163.172.209.85,0.114125781
164.68.105.235,0.136855237
164.68.98.169,38.03883073
164.92.206.126,0.118403102
164.92.75.10,129.4824342
165.154.225.65,0.194906383
165.154.226.12,130.857056
165.154.226.242,131.0617769
165.154.227.188,0.210083428
165.154.235.156,0.057251903
165.154.235.178,0.056905043
165.154.235.188,0.054918498
165.154.235.76,0.054035569
165.154.243.154,130.5825592
165.154.243.209,131.0614534
165.154.243.252,0.210448991
165.16.27.31,130.841197
165.227.71.60,131.0616055
167.172.158.85,0.040424704
167.172.172.234,131.0120567
167.172.178.68,131.061087
167.172.96.117,131.0618903
167.71.199.211,3.257122337
167.71.238.97,0.274491317
167.99.74.155,129.5571175
168.181.196.76,131.0614314
168.227.56.96,131.0613694
169.57.1.85,0.013206549
170.0.92.43,131.0382284
170.106.187.123,0.071161307
170.106.187.22,130.984066
170.106.188.14,131.0619414
170.106.188.215,131.0608791
170.150.32.206,0.194611882
170.155.2.119,130.8576683
170.233.176.128,0.208374924
170.238.79.2,0.147083498
170.246.85.108,0.128452415
170.254.201.38,0.200985225
170.254.201.40,0.200413096
171.233.79.234,0.235509271
171.97.200.7,0.248395782
172.104.115.95,0.180606899
172.104.206.170,0.222788146
172.104.241.29,0.122050647
172.105.13.173,131.1129168
172.105.150.126,131.0619019
172.105.184.208,131.0619579
172.64.141.2,0.038175037
172.64.150.229,0.013449796
172.64.157.2,0.013157843
172.64.158.169,0.013026788
172.67.0.26,0.024943907
172.67.0.6,0.025305307
172.67.128.62,0.025267041
172.67.133.207,0.02513922
172.67.144.93,0.025650087
172.67.148.92,0.025721442
172.67.165.119,0.02598883
172.67.167.15,0.025288567
172.67.167.159,0.02520327
172.67.167.30,0.025092766
172.67.170.16,0.025590265
172.67.172.12,0.026031348
172.67.176.11,0.026137203
172.67.176.180,0.025708681
172.67.176.218,0.025150653
172.67.176.222,0.025310925
172.67.176.250,0.025275859
172.67.176.58,0.025274633
172.67.176.87,0.025731623
172.67.177.132,0.025952685
172.67.179.210,0.02757921
172.67.180.14,0.025819668
172.67.180.205,0.025283334
172.67.180.24,0.025891568
172.67.180.250,0.025982035
172.67.180.251,0.025293019
172.67.180.39,0.025856502
172.67.180.4,0.025137526
172.67.180.53,0.025093208
172.67.180.58,0.025840834
172.67.180.59,0.025267388
172.67.181.107,0.026257055
172.67.181.122,0.02507198
172.67.181.126,0.02564807
172.67.181.156,0.026327938
172.67.181.162,0.025218919
172.67.181.195,0.02556179
172.67.181.210,0.026056044
172.67.181.251,0.030795671
172.67.181.26,0.02537367
172.67.181.33,0.025068061
172.67.181.74,0.025151787
172.67.181.87,0.025695885
172.67.181.91,0.025996092
172.67.182.128,0.025293761
172.67.182.132,0.024995864
172.67.182.14,0.025105192
172.67.182.142,0.025916799
172.67.182.163,0.025767989
172.67.182.17,0.025459427
172.67.182.26,0.025426024
172.67.182.8,0.02598175
172.67.185.152,0.025431195
172.67.185.154,0.026006869
172.67.185.165,0.02631941
172.67.185.171,0.025793322
172.67.185.177,0.026141183
172.67.185.198,0.0249634
172.67.185.207,0.026021934
172.67.187.243,0.026127739
172.67.191.242,0.026149256
172.67.192.37,0.023598005
172.67.192.46,0.018560365
172.67.193.241,0.02111369
172.67.199.44,0.02504208
172.67.201.154,0.025793667
172.67.208.171,0.025170408
172.67.221.168,0.025089632
172.67.24.177,0.025281789
172.67.25.199,0.02597424
172.67.255.213,0.02637035
172.67.255.225,0.025478014
172.67.3.137,0.025369765
172.67.3.62,0.025261987
172.67.3.69,0.02532087
172.67.3.77,0.025767973
172.67.3.97,0.025219093
172.67.43.16,0.025955009
172.67.44.13,0.025851652
172.67.51.155,0.0253362
172.67.65.209,0.027269749
172.67.7.187,0.026104974
172.67.70.155,0.026749348
172.67.70.171,0.025267077
172.67.70.232,0.026680356
172.67.70.251,0.025382465
172.67.73.243,0.02628212
172.67.75.181,0.025657169
172.67.75.204,0.025813424
173.192.21.89,129.8483538
173.208.249.76,131.0618682
173.212.195.139,0.135834606
173.245.49.10,0.013031574
173.245.49.11,0.013095521
173.245.49.110,0.013243794
173.245.49.113,0.013258724
173.245.49.36,0.013027959
173.245.49.43,0.006103209
173.245.49.75,0.006284419
173.245.49.80,0.009048036
173.245.49.89,0.013199519
173.249.31.157,4.386507248
173.82.149.243,0.059536233
174.64.199.79,130.3692251
174.70.1.210,131.062128
175.141.69.200,131.0602098
175.213.188.28,0.189793116
175.9.103.61,130.8654873
176.118.151.156,131.0613753
176.126.111.113,131.0617347
176.241.142.3,131.0614979
176.31.200.104,131.0615781
177.104.87.23,3.153128517
177.12.238.1,129.946701
177.184.137.26,131.0615764
177.184.67.69,0.193625311
177.220.243.130,0.168496007
177.234.217.92,130.6794359
177.53.153.27,0.132416258
177.54.229.1,0.159628112
177.91.96.233,130.7546649
177.93.52.32,0.104383072
178.128.143.54,130.9445342
178.128.153.38,0.041183686
178.128.173.12,0.117169471
178.128.85.196,130.8896056
178.136.2.208,0.143396493
178.150.148.38,130.907612
178.20.212.193,131.0616395
178.210.51.118,7.308917197
178.212.196.177,0.161924611
178.62.193.19,129.7159028
178.88.23.36,131.0613688
179.43.81.135,0.168240168
179.49.113.230,0.079889141
18.193.66.199,130.7929849
18.224.17.33,131.0614606
18.230.69.195,131.0612729
18.230.75.97,131.0625968
180.178.106.137,0.236995186
180.178.111.221,130.8149352
180.183.173.20,131.0619011
180.183.225.128,0.299919682
180.183.4.165,0.289080208
180.210.178.30,130.4526279
180.211.91.44,0.250672699
180.232.123.251,2.043905868
180.250.204.91,130.7935337
181.143.106.162,0.101186044
181.193.213.130,130.9507003
181.204.38.98,131.0591013
181.214.85.65,3.179157697
181.233.90.35,0.124346281
181.29.212.139,129.793055
181.48.161.194,0.138501247
181.78.27.38,0.174526267
182.163.52.60,2.076285819
182.253.102.234,130.6873553
182.253.109.156,131.0663331
182.253.109.51,131.0618752
182.253.169.110,131.0611563
182.253.36.60,1.215301318
182.54.239.130,0.115575269
182.72.203.242,0.635685539
182.72.203.243,0.29500163
182.93.30.250,0.186313735
183.111.25.248,130.6104112
183.157.172.27,131.0614083
183.21.81.212,131.0622966
183.247.199.153,131.0608722
183.247.199.215,31.87675876
183.78.130.117,0.191940357
183.78.133.27,0.188326595
183.78.141.136,0.193632858
183.78.141.17,0.189572357
183.78.145.29,0.198426392
183.78.154.154,0.190140188
183.78.158.58,0.190916744
183.88.130.128,130.5244962
183.88.220.1,0.290895631
183.88.44.183,130.7637209
183.89.65.38,131.0682117
183.89.9.1,131.061267
184.155.36.194,131.0622155
184.168.147.203,131.0617769
184.178.172.5,131.0614075
184.82.238.202,131.0616251
185.101.20.104,131.0619628
185.101.20.252,131.0616645
185.101.21.111,131.061454
185.118.141.254,131.0617735
185.15.172.212,0.18759291
185.150.130.103,130.8639501
185.151.51.168,131.0609644
185.153.198.226,2.518385529
185.158.175.111,130.5802867
185.162.228.13,0.013538393
185.162.228.136,0.013092978
185.162.228.154,0.013426085
185.162.228.196,0.013326018
185.162.228.205,0.012820246
185.162.228.207,0.013241415
185.162.228.210,0.013167314
185.162.228.224,0.013367905
185.162.228.241,0.013364315
185.162.229.121,0.012891363
185.162.229.123,0.013210541
185.162.229.174,0.013077863
185.162.229.187,0.013391576
185.162.229.191,0.013175925
185.162.229.246,0.013165925
185.162.229.253,0.013226812
185.162.229.28,0.013125931
185.162.229.50,0.013285217
185.162.229.7,0.013258424
185.162.230.108,0.012983673
185.162.230.135,0.013186971
185.162.230.146,0.013130578
185.162.230.152,0.013384999
185.162.230.16,0.013391993
185.162.230.175,0.012919382
185.162.230.218,0.013221308
185.162.230.220,0.013765507
185.162.230.223,0.013323794
185.162.230.225,0.013249365
185.162.230.242,0.01268819
185.162.230.4,0.013285252
185.162.230.52,0.013077512
185.162.230.57,0.013092061
185.162.230.6,0.013350643
185.162.230.68,0.01291092
185.162.231.106,0.013100747
185.162.231.124,0.013241662
185.162.231.13,0.013354776
185.162.231.136,0.013267287
185.162.231.138,0.013013945
185.162.231.139,0.013300728
185.162.231.16,0.013288441
185.162.231.196,0.013188776
185.162.231.236,0.013352703
185.162.231.253,0.013052301
185.162.231.30,0.013283581
185.162.231.66,0.013280003
185.162.231.73,0.01332228
185.162.231.90,0.01344504
185.164.57.168,0.117446458
185.164.57.193,0.11719604
185.164.57.253,0.11883897
185.164.57.60,0.117110528
185.169.183.173,129.4021925
185.171.230.19,131.0615994
185.171.230.191,131.061265
185.171.230.209,131.0646075
185.171.230.21,131.0617237
185.171.230.23,131.0617407
185.171.230.44,131.0621566
185.171.230.54,131.061604
185.171.230.61,131.0611205
185.171.230.94,131.0618644
185.171.231.0,131.0624616
185.171.231.121,131.0613695
185.171.231.150,131.0620823
185.171.231.160,131.0612597
185.171.231.234,131.0614671
185.171.231.38,131.0608648
185.171.231.51,131.0616172
185.171.231.58,131.0613701
185.180.236.18,0.214583146
185.198.61.146,130.8359994
185.200.38.235,0.180769033
185.213.242.178,0.11586233
185.217.137.242,130.7470514
185.221.237.65,131.0620061
185.238.228.122,0.012810622
185.238.228.136,0.013219845
185.238.228.244,0.013095657
185.238.228.5,0.013255451
185.238.228.67,0.013024332
185.33.144.33,0.127810094
185.61.152.137,130.8082618
185.61.217.70,131.0611937
185.77.220.172,131.0616467
185.77.220.224,131.0599783
185.77.220.24,131.0659186
185.77.221.88,131.06199
185.88.100.115,131.0614137
186.126.77.200,0.279848232
186.13.56.97,0.198366828
186.159.3.193,0.105042754
186.215.87.194,0.181095709
186.86.137.96,130.2621845
187.102.222.206,131.0620295
187.130.139.197,131.0588915
187.135.142.97,131.0703243
187.171.90.4,0.082425493
187.209.0.244,130.9694553
187.72.143.118,131.0624391
187.75.166.69,131.0613618
188.0.147.102,131.059161
188.100.212.208,0.128178339
188.114.96.28,0.025383482
188.114.98.192,0.025581986
188.114.99.192,0.025301742
188.133.157.61,130.807688
188.133.197.122,131.0615207
188.166.17.159,131.0615219
188.226.141.127,131.0614876
188.40.96.177,0.143243787
188.68.231.113,0.138850587
189.156.22.189,130.7574463
189.174.143.230,0.067747763
189.186.222.250,130.9839582
189.204.254.186,0.081626221
189.250.72.50,130.9665516
190.104.245.86,131.0698555
190.107.237.10,0.124140856
190.107.237.13,130.9280757
190.108.82.104,131.0612725
190.109.17.218,131.0619351
190.140.122.106,131.0617778
190.152.5.17,131.0616793
190.180.35.148,0.154254753
190.43.92.190,130.8968468
190.61.101.205,3.104352902
190.65.221.38,129.9930353
191.101.251.130,0.009203565
191.101.251.159,0.013042552
191.101.251.205,0.013265056
191.101.251.64,0.013377837
191.101.251.94,0.013389165
191.102.107.235,0.152721368
191.103.219.225,0.095916946
191.7.209.186,0.127834629
191.97.16.118,0.100553505
191.97.58.212,130.4339062
192.111.129.145,131.0613574
192.111.137.34,131.0611548
192.169.127.46,131.0616602
192.198.126.113,0.061842908
192.252.208.67,130.9894133
192.252.220.92,131.0616223
192.46.233.69,0.120955899
192.99.182.243,0.045183753
192.99.92.27,130.8740411
193.0.178.98,131.0615865
193.106.99.140,131.061771
193.110.115.220,131.0615419
193.122.134.214,131.0615254
193.122.71.184,0.192306625
193.151.160.179,0.156053955
193.202.16.118,130.6928392
193.202.16.190,131.0611333
193.202.82.55,131.0616865
193.233.140.90,131.0612254
193.233.141.176,131.0620847
193.233.141.187,131.0608122
193.233.141.88,131.0619049
193.233.143.201,131.061581
193.233.229.134,131.0610476
193.233.231.128,131.0616802
193.233.89.238,131.0622655
193.233.89.49,131.0590536
193.233.90.220,131.069686
193.253.182.8,131.0613674
193.56.64.232,131.0609028
194.110.150.11,131.061805
194.110.150.200,131.0613432
194.163.40.130,0.215279465
194.183.168.4,0.142683535
194.195.213.197,130.6827914
194.250.57.253,131.0617064
194.67.91.153,0.181604079
194.87.188.114,0.158585115
195.133.45.112,130.7000932
195.138.90.226,0.156099667
195.178.56.35,130.8958067
196.12.163.66,131.0618002
196.179.204.9,131.0611458
197.232.39.208,131.0618949
198.229.231.13,0.024984713
198.49.68.80,0.05409576
198.59.191.234,0.06701209
198.8.94.170,130.8840252
2.138.31.92,131.058808
2.228.87.55,131.0705154
20.106.144.171,131.0612441
20.110.99.169,131.0614363
20.111.52.84,131.061858
20.111.54.16,0.122159243
20.111.61.10,130.9299333
20.111.62.189,131.061354
20.113.136.195,131.0621094
20.113.137.1,131.0611394
20.113.143.102,131.0622553
20.113.143.34,131.0591351
20.113.151.89,131.0690413
20.113.172.183,131.065251
20.113.182.164,131.0576975
20.113.60.36,131.0619417
20.113.62.248,131.0618015
20.119.204.44,131.0610729
20.123.146.105,131.0616623
20.16.90.78,131.0622497
20.163.162.168,131.0622017
20.163.162.57,131.0618988
20.163.80.88,131.0616998
20.187.117.246,131.0623145
20.187.69.80,131.0611574
20.187.70.249,131.0615216
20.187.84.29,131.0593741
20.188.33.236,131.0683941
20.188.37.29,131.0623535
20.188.38.28,131.0614343
20.188.47.85,131.0619448
20.205.109.189,131.0616909
20.205.12.114,131.0619129
20.205.205.169,131.0620381
20.205.205.175,131.0620025
20.205.37.243,0.199307021
20.205.41.88,130.8523733
20.205.42.232,131.0619579
20.205.43.55,131.0618279
20.205.98.104,131.0608172
20.206.101.1,131.0681331
20.206.102.27,131.0634956
20.206.106.192,0.156699486
20.206.121.30,130.8951932
20.206.121.84,131.0619711
20.206.132.120,131.0616762
20.206.74.12,131.062323
20.206.76.177,131.0617627
20.206.77.232,131.0615708
20.206.77.240,131.0621602
20.206.78.197,131.0610095
20.206.96.77,131.0623834
20.206.98.174,131.0614723
20.206.98.71,131.0622077
20.210.103.34,131.0611905
20.213.100.107,131.0620578
20.213.123.245,131.0615924
20.213.232.137,131.0615822
20.213.247.195,131.0618638
20.213.250.106,131.0620643
20.213.51.246,131.0614184
20.228.217.236,131.0613715
20.228.221.183,131.061614
20.230.175.193,131.0613047
20.239.154.245,131.0613464
20.239.196.58,131.0617539
20.239.53.82,131.0616953
20.239.85.167,131.0593418
20.239.86.234,131.0701821
20.24.157.40,131.0609028
20.24.159.74,131.0610399
20.24.181.133,131.0623985
20.24.202.114,131.0610078
20.24.72.149,131.0618276
20.24.75.68,131.0620549
20.24.83.157,131.0622337
20.24.87.238,131.0618393
20.25.167.141,131.0619211
20.25.167.163,131.0616155
20.254.31.111,131.0613065
20.254.52.236,131.0617421
20.43.56.37,131.0622256
20.43.57.71,131.0614452
20.43.57.79,131.0617654
20.43.59.33,131.0614201
20.43.60.47,131.0646073
20.54.56.26,131.0620809
20.68.108.44,131.0616843
20.68.122.191,131.060352
20.7.175.75,131.0621761
20.77.246.224,131.0615371
20.77.252.14,131.0620928
20.77.252.146,131.0641079
20.77.253.35,131.0595866
20.77.255.14,131.0622078
20.77.73.85,131.0663012
20.87.10.146,131.0616839
20.87.208.62,131.0620649
20.87.209.135,131.0610682
20.87.215.175,131.0619598
20.87.216.191,131.0617845
20.87.216.232,131.0621915
20.87.217.83,131.0617562
20.87.219.39,131.0611421
20.87.220.141,131.0613265
20.87.222.220,131.0612369
20.87.223.154,131.0614971
20.87.223.236,131.0619406
20.87.46.229,131.0610254
20.87.47.204,131.0618068
20.87.73.70,131.059994
20.87.74.10,131.063196
20.87.74.129,131.0588693
20.87.75.185,131.0669844
20.87.76.170,131.0680802
20.89.153.119,131.0695925
20.89.156.119,131.0611947
20.89.58.156,131.0595317
20.89.60.252,131.061827
20.90.12.134,131.0610911
20.90.30.94,131.0616327
20.90.42.211,131.0616401
200.103.102.18,131.061581
200.105.215.18,131.0611062
200.105.215.22,0.141534135
200.119.89.19,130.9075526
200.131.157.120,0.172881978
200.25.254.193,0.131196386
200.60.87.202,130.7427951
200.62.96.71,131.0615792
200.63.65.64,131.0615781
200.7.11.154,0.159931259
200.81.187.18,130.8904164
200.85.169.18,0.133923185
201.131.239.234,0.057361219
201.158.44.163,0.151897858
201.16.217.221,130.6873448
201.182.251.94,0.114133323
201.197.202.244,0.104609807
201.217.49.2,0.177018395
201.220.112.98,0.213290488
201.222.76.34,0.149912754
201.229.250.20,130.2518036
201.69.120.11,131.0622472
201.76.9.26,131.0616768
201.77.108.225,0.064249254
201.77.109.129,0.064850413
201.77.110.129,0.066061582
202.109.157.67,130.8357226
202.137.26.6,131.0611742
202.144.157.1,0.276035524
202.147.198.115,0.256925562
202.40.177.69,0.275074368
202.53.172.75,130.2225437
202.57.55.242,131.0595972
203.109.17.108,0.185753341
203.109.22.93,0.197201753
203.109.26.4,0.192707084
203.128.75.196,130.461517
203.13.32.189,0.013438508
203.13.32.23,0.013202667
203.13.32.250,0.01323305
203.13.32.42,0.013244064
203.13.32.48,0.010388256
203.13.32.88,0.008334595
203.170.75.14,0.299321062
203.198.207.253,0.180065266
203.22.223.145,0.013509489
203.22.223.147,0.013282806
203.22.223.16,0.013119372
203.22.223.164,0.013206039
203.22.223.201,0.013077078
203.22.223.216,0.013123195
203.22.223.243,0.013195872
203.22.223.248,0.013026793
203.22.223.39,0.013085465
203.22.223.43,0.012909174
203.22.223.47,0.013220839
203.22.223.62,0.013402621
203.22.223.93,0.013403538
203.23.103.100,0.01322924
203.23.103.12,0.012954409
203.23.103.138,0.012835733
203.23.103.162,0.013284598
203.23.103.186,0.013268676
203.23.103.189,0.013344584
203.23.103.195,0.012824925
203.23.103.246,0.013265972
203.23.103.3,0.01322318
203.23.103.48,0.013333902
203.23.104.0,0.013148778
203.23.104.107,0.012825468
203.23.104.11,0.013107532
203.23.104.117,0.013433368
203.23.104.119,0.013487902
203.23.104.123,0.013461372
203.23.104.126,0.012884439
203.23.104.130,0.013276971
203.23.104.177,0.013262966
203.23.104.181,0.01347088
203.23.104.190,0.013375092
203.23.104.211,0.01303721
203.23.104.40,0.013351769
203.23.106.12,0.01350139
203.23.106.120,0.01335707
203.23.106.128,0.013120304
203.23.106.172,0.012735405
203.23.106.21,0.013057502
203.23.106.50,0.013351564
203.23.106.57,0.013402845
203.24.102.101,0.013097482
203.24.102.130,0.012844256
203.24.102.153,0.012893249
203.24.102.187,0.013346857
203.24.102.196,0.013356651
203.24.102.199,0.01316923
203.24.102.22,0.013107293
203.24.102.223,0.013020285
203.24.102.25,0.013243093
203.24.102.39,0.013327919
203.24.103.127,0.013194531
203.24.103.157,0.01295267
203.24.103.159,0.013290151
203.24.103.176,0.013235625
203.24.103.178,0.013144325
203.24.103.26,0.013210789
203.24.103.70,0.012813411
203.24.103.71,0.013153217
203.24.103.74,0.013365457
203.24.108.100,0.013260866
203.24.108.102,0.01339284
203.24.108.111,0.013021079
203.24.108.122,0.013146036
203.24.108.13,0.0133335
203.24.108.136,0.013360771
203.24.108.151,0.013199119
203.24.108.159,0.012717383
203.24.108.186,0.013515012
203.24.108.197,0.013162726
203.24.108.37,0.013265896
203.24.108.39,0.013353204
203.24.109.123,0.01282256
203.24.109.13,0.013169596
203.24.109.161,0.013550786
203.24.109.189,0.013255155
203.24.109.190,0.01311076
203.24.109.197,0.01273381
203.24.109.22,0.013484654
203.24.109.250,0.013384787
203.24.109.59,0.013288661
203.24.109.83,0.013310352
203.243.51.69,130.5191253
203.28.8.0,0.013175414
203.28.8.111,0.013079898
203.28.8.116,0.011295703
203.28.8.129,0.006638004
203.28.8.130,0.013032357
203.28.8.159,0.012768633
203.28.8.166,0.013161676
203.28.8.168,0.013154581
203.28.8.18,0.013295462
203.28.8.233,0.013134402
203.28.8.43,0.012808206
203.28.8.58,0.013471371
203.28.9.110,0.013433962
203.28.9.111,0.013198727
203.28.9.118,0.013515671
203.28.9.124,0.012817427
203.28.9.187,0.013160819
203.28.9.2,0.013107418
203.28.9.206,0.010647233
203.28.9.221,0.009090518
203.28.9.240,0.013371971
203.28.9.37,0.01330479
203.28.9.61,0.013235354
203.28.9.84,0.013267876
203.28.9.87,0.013289627
203.30.188.12,0.013183891
203.30.188.152,0.012993966
203.30.188.155,0.013196767
203.30.188.172,0.013371862
203.30.188.174,0.013308772
203.30.188.19,0.013266868
203.30.188.202,0.013120742
203.30.188.221,0.013125817
203.30.188.249,0.013178635
203.30.188.55,0.013466777
203.30.189.110,0.013282187
203.30.189.143,0.043479478
203.30.189.174,0.013082523
203.30.189.192,0.013279638
203.30.189.195,0.012717174
203.30.189.246,0.013394163
203.30.189.31,0.013350421
203.30.189.38,0.013381787
203.30.189.68,0.013428615
203.30.189.86,0.012847437
203.30.189.89,0.013196066
203.30.189.92,0.013311488
203.30.190.139,0.013213752
203.30.190.150,0.013111994
203.30.190.203,0.013142217
203.30.190.223,0.013185477
203.30.190.251,0.013553839
203.30.190.69,0.013206626
203.30.190.80,0.01338128
203.30.190.85,0.012900917
203.30.190.93,0.013395038
203.30.190.98,0.013164732
203.30.191.143,0.01321649
203.30.191.151,0.012957493
203.30.191.161,0.013230461
203.30.191.167,0.013194733
203.30.191.218,0.014228789
203.30.191.224,0.013409934
203.30.191.229,0.012708176
203.30.191.241,0.013273094
203.30.191.244,0.013671072
203.30.191.40,0.013032642
203.30.191.80,0.012987583
203.32.120.109,0.012783862
203.32.120.112,0.012946287
203.32.120.128,0.013319686
203.32.120.132,0.013162292
203.32.120.134,0.013296273
203.32.120.154,0.012958451
203.32.120.18,0.013228521
203.32.120.197,0.013353578
203.32.120.232,0.013484153
203.32.120.245,0.013319468
203.32.120.8,0.013069516
203.32.121.125,0.013440065
203.32.121.128,0.013202515
203.32.121.138,0.013050279
203.32.121.154,0.01318385
203.32.121.172,0.012962405
203.32.121.20,0.012979948
203.32.121.213,0.012997546
203.32.121.217,0.013246905
203.32.121.23,0.01307517
203.32.121.230,0.012792842
203.32.121.242,0.013252581
203.32.121.3,0.012573515
203.32.121.69,0.013212641
203.32.121.80,0.013500712
203.32.121.91,0.013057125
203.34.28.100,0.013164243
203.34.28.114,0.013398517
203.34.28.130,0.013287521
203.34.28.186,0.013407233
203.34.28.187,0.012889372
203.34.28.193,0.013316954
203.34.28.205,0.013192753
203.34.28.239,0.013165207
203.34.28.243,0.013385119
203.34.28.32,0.012812328
203.34.28.34,0.013318907
203.34.28.4,0.013287081
203.34.28.9,0.013083682
203.34.28.98,0.013329199
205.185.126.246,130.6033298
205.201.49.162,131.0616609
205.207.103.33,0.047064125
206.189.146.13,7.32811657
206.53.53.5,129.8100155
207.180.218.96,0.137008961
207.180.224.75,0.137220415
207.188.11.31,130.7662652
207.46.228.129,131.0611845
207.46.237.37,131.0617596
208.123.97.108,0.054879473
209.97.176.112,0.117070517
210.211.122.40,130.8688609
212.112.97.27,131.061826
212.119.41.163,131.0617389
212.119.41.220,131.0617192
212.14.243.29,131.0610197
212.46.230.102,0.173770385
213.108.1.152,130.8757376
213.14.174.70,131.0610773
213.166.76.47,131.061626
213.166.76.70,131.0618818
213.212.210.252,131.0620709
213.212.247.203,131.0669088
213.32.75.88,0.118256414
213.48.241.150,3.239380038
213.6.66.66,0.188601364
216.74.255.182,129.5328026
217.11.184.27,131.0613452
217.113.122.142,131.06103
217.23.6.40,3.204474591
217.97.101.134,129.8943086
218.102.244.2,131.0618016
218.190.235.175,131.0612627
218.75.69.50,131.0614451
219.78.228.211,131.0618877
220.247.171.90,0.340764174
221.132.18.26,130.7100036
222.124.219.42,131.0610024
222.167.166.155,131.0614885
222.237.249.172,131.0615773
222.252.156.61,0.200598022
222.252.42.188,130.8511214
222.253.41.252,131.061264
223.207.101.95,131.044965
223.207.97.248,131.0615775
23.143.160.18,0.078998237
23.227.38.123,0.0250883
23.227.38.126,0.025390494
23.227.38.148,0.02514424
23.227.38.16,0.025918981
23.227.38.171,0.025357479
23.227.38.197,0.025123029
23.227.38.200,0.025261888
23.227.38.239,0.025987561
23.227.38.253,0.025678529
23.227.38.3,0.025236621
23.227.38.57,0.025724755
23.227.39.76,0.025594335
23.26.236.11,7.160595619
24.158.29.166,0.035681328
24.249.199.12,129.4739789
24.249.199.4,131.0688066
24.95.253.39,0.138818939
27.159.66.41,0.249227654
27.42.168.46,130.6530988
27.79.133.90,131.0611519
27.79.149.3,131.0622973
27.79.177.225,131.0614804
27.79.178.15,131.0611372
27.79.93.129,131.0611729
3.135.74.9,131.0620717
3.138.182.112,131.0623648
3.138.46.196,131.0613883
3.138.85.61,131.0614922
3.22.72.241,131.0621538
31.13.33.20,131.061249
31.186.239.246,131.061355
31.192.233.163,0.034715152
31.43.179.106,0.013613386
31.43.179.11,0.01320448
31.43.179.137,0.013149186
31.43.179.14,0.013030228
31.43.179.211,0.013297545
31.43.179.237,0.013006614
31.43.179.240,0.013017405
31.43.179.30,0.012803232
31.43.179.43,0.013368627
34.171.218.65,130.8064343
35.178.238.246,131.0609438
35.232.251.108,131.0613674
35.233.222.38,131.0627716
36.37.81.135,131.0611231
36.66.171.243,131.0615786
36.66.235.83,131.0622102
36.67.197.53,131.0616048
36.67.45.71,15.85910846
36.89.252.90,0.318445911
36.90.20.176,129.1995034
36.91.173.11,131.0620527
36.91.45.10,0.277052357
36.91.68.148,130.7740684
36.91.98.115,131.062294
36.93.189.147,0.232661161
36.94.35.225,0.229104577
36.95.17.93,0.251851313
36.95.27.209,130.316031
37.112.211.234,131.0616529
37.144.9.243,131.0625263
37.35.41.58,0.165070524
37.35.42.196,0.166807813
37.44.244.35,0.229978654
37.44.253.119,130.4694057
37.44.254.175,131.0612881
37.57.15.43,0.161627818
38.10.69.109,0.183173067
38.123.207.247,3.06856045
38.15.85.32,129.6662563
38.41.0.92,131.0618546
38.7.16.188,0.071272596
39.106.22.3,130.9804297
40.113.131.241,131.0614575
40.122.224.41,131.0616432
40.122.233.211,131.0623473
40.122.255.148,131.0613744
40.136.41.8,131.0616762
40.67.252.70,131.061804
41.162.52.11,1.438654759
41.178.6.146,1.247321573
41.203.83.66,130.4025039
41.33.219.141,131.061747
41.33.47.146,0.15859691
41.60.216.176,130.8982654
41.65.236.43,0.210445232
41.65.236.58,0.200082807
41.65.55.2,130.6315478
41.77.13.186,0.296068533
42.96.47.158,130.7553605
43.132.148.107,0.215248656
43.154.125.209,130.836341
43.154.71.147,131.062135
43.155.69.95,0.200590115
43.250.107.91,0.035849397
45.114.36.137,0.286761266
45.162.75.194,130.5068458
45.165.131.46,131.0617246
45.168.12.49,131.0608962
45.169.136.183,0.152500418
45.192.146.168,0.167943053
45.192.146.173,0.221687041
45.192.152.81,0.180539398
45.192.157.21,0.168272508
45.225.106.106,130.1181368
45.226.1.1,0.168953303
45.228.235.26,0.125219645
45.229.205.28,0.175449276
45.233.67.203,0.124433463
45.233.67.208,0.124601352
45.233.67.209,0.125927062
45.233.67.230,0.129778029
45.32.101.24,130.0222813
45.5.145.164,0.12960373
45.56.75.90,130.9229864
45.56.98.229,0.040695657
45.57.168.193,0.01331416
45.57.225.10,1.03691198
45.57.255.215,1.022622215
45.70.15.2,0.128866382
45.71.198.209,0.17894042
45.77.107.115,130.6340697
45.77.56.114,131.0594187
45.79.90.143,0.055914399
46.101.126.180,131.0029337
46.101.13.77,0.113618914
46.101.179.133,130.9453569
46.101.195.163,0.121964043
46.229.215.224,130.928337
46.246.6.9,131.0623933
46.29.76.71,131.0626493
46.4.96.137,0.140133061
46.55.161.113,0.22094658
47.241.165.133,130.6812394
47.241.189.54,0.24930005
47.242.202.128,130.7986903
47.242.235.25,131.0686826
47.242.254.88,131.0718069
47.242.40.222,0.192778013
47.243.138.208,130.86712
47.243.167.134,131.0683497
47.243.31.48,131.072354
47.243.55.21,0.186799849
47.243.87.119,130.8757309
47.251.12.73,131.059084
47.254.153.200,131.0680449
47.254.247.192,131.0722825
47.254.247.233,131.0638542
47.56.194.20,131.0720472
47.56.69.11,131.064208
47.57.234.145,131.0713492
47.57.7.183,131.0593423
47.74.152.29,0.256705358
47.74.66.7,130.8105035
47.88.50.230,131.0581091
47.88.6.186,131.067688
47.88.6.66,131.0673859
47.88.8.118,131.0721958
47.89.153.213,131.064195
47.91.107.251,131.0721606
47.91.111.166,131.0677846
47.91.124.248,131.0642731
47.91.125.181,131.0725157
47.91.42.219,131.0641769
47.91.57.156,131.0710258
47.91.88.100,0.119733713
49.0.2.242,0.234638402
49.174.224.140,130.6928768
49.207.36.81,131.0680715
49.254.108.21,0.189404553
49.254.11.9,0.183732722
49.254.110.49,0.179390395
49.254.116.80,0.207727995
49.254.117.74,0.186545794
49.254.129.207,0.191473722
49.254.130.38,0.189767577
49.254.143.155,0.190095489
49.254.153.64,0.19192718
49.254.160.214,0.192104506
49.254.173.106,0.187637
49.254.182.186,0.193749872
49.254.183.1,0.190766816
49.254.210.12,0.195810214
49.254.25.244,0.18982115
49.254.35.250,0.188104956
49.254.5.105,0.192065995
49.254.55.22,0.196870846
49.254.64.74,0.186300353
49.254.85.56,0.189568117
49.254.90.154,0.189205912
49.254.90.82,0.190501647
49.254.90.92,0.18720818
49.254.90.98,0.196060704
49.49.193.184,130.3801433
5.189.224.84,131.0640741
5.189.63.14,131.0639626
5.199.171.227,131.0714536
5.202.191.226,0.204955292
5.58.110.249,0.151885632
5.78.52.141,0.060214274
5.9.108.107,130.6144037
50.16.33.219,131.0581921
50.169.135.10,0.061406242
50.173.157.75,0.05555392
50.173.204.198,130.9414477
50.174.7.153,0.072559328
50.174.7.155,0.072465633
50.174.7.156,0.072660724
50.174.7.157,0.072782511
50.204.190.234,0.071439471
50.204.219.226,0.075598152
50.204.219.230,0.07567652
50.204.233.30,0.073849569
50.206.111.89,0.087356174
50.206.25.109,0.074021047
50.206.25.110,0.073510163
50.206.25.111,0.073974366
50.217.110.217,130.044361
50.217.153.73,0.074866488
50.217.153.74,0.075286053
50.217.153.75,0.074787129
50.217.153.76,0.075411594
50.217.153.79,0.075254355
50.217.22.109,0.07648551
50.217.22.111,0.081094746
50.217.226.42,0.079876478
50.217.226.44,0.078518056
50.217.44.152,130.3119999
50.217.44.153,131.0640534
50.217.44.154,131.0681761
50.217.44.178,131.0682057
50.218.57.64,0.067872421
50.218.57.66,0.068021393
50.218.57.68,0.067507212
50.218.57.70,0.067449963
50.218.57.71,0.067549195
50.218.57.74,0.067624115
50.219.67.224,130.6408586
50.219.67.231,131.0714331
50.219.71.162,0.036967256
50.219.85.117,0.046399758
50.220.21.202,0.082332516
50.223.138.80,130.8634395
50.223.138.81,131.0684624
50.223.138.82,131.0654024
50.223.138.83,131.0714283
50.223.138.84,131.0591784
50.223.138.85,131.0684917
50.223.138.86,131.0716412
50.223.138.87,131.0608512
50.223.138.88,131.0589981
50.223.138.89,131.0684321
50.223.138.90,130.9482872
50.223.138.91,131.0682289
50.223.138.92,131.0683363
50.223.138.93,131.0543663
50.223.138.94,131.0681678
50.223.138.95,131.0682421
50.223.188.146,0.098425469
50.226.53.178,130.9657999
50.228.141.96,0.083261226
50.231.110.26,0.112804624
50.232.250.157,130.8576398
50.236.55.190,131.061998
50.237.89.160,0.040051078
50.237.89.161,0.040116428
50.237.89.165,0.03560239
50.237.89.170,0.036964572
51.103.108.84,130.8715728
51.103.18.89,131.0683765
51.103.19.39,131.0674069
51.103.20.134,131.0659066
51.103.24.230,131.0703472
51.103.27.73,131.0591611
51.103.31.200,131.0707893
51.103.31.21,131.0621311
51.103.42.231,131.0681682
51.103.53.225,131.0677441
51.103.76.148,131.0679139
51.103.79.29,131.068497
51.103.84.201,131.070792
51.104.48.100,131.05889
51.104.49.218,131.0725133
51.104.50.22,131.0687506
51.104.53.148,131.063975
51.104.53.182,131.0707139
51.104.54.231,131.0591196
51.15.242.202,0.117811616
51.159.115.233,0.117637485
51.159.4.98,130.8284878
51.254.69.243,131.0666698
51.68.207.81,131.0586934
51.79.50.22,131.0721873
52.168.34.113,131.0643424
54.153.124.39,131.068373
54.173.68.195,131.0681102
54.180.117.35,131.0682187
54.191.139.127,131.0679707
54.36.190.193,0.121810454
54.37.98.108,0.114876714
54.38.151.84,0.112017212
58.176.147.14,130.7098175
58.21.39.20,131.0678313
58.27.59.249,0.221904818
58.8.143.240,130.8471624
59.23.126.146,0.181500404
61.220.170.133,130.8822733
61.78.63.200,131.0636571
62.171.160.215,131.0680446
62.193.68.92,0.196305474
62.201.212.214,130.864584
62.32.92.124,0.244421116
62.33.235.49,0.204086297
62.85.72.35,130.5941188
64.224.255.173,0.040410453
64.225.104.77,0.119703427
64.225.8.192,0.039081276
64.227.23.88,130.8492025
64.227.6.0,131.0574496
64.56.218.185,131.0685653
64.94.212.134,0.0631441
65.108.230.239,131.0014854
65.108.232.45,0.126102245
65.21.141.242,0.127185366
65.37.106.2,17.94590072
66.181.164.125,129.2420385
66.29.154.103,0.069652587
66.29.154.105,0.071020678
66.94.108.138,0.041744597
68.183.185.62,0.237450023
68.183.191.179,0.237969018
68.33.238.181,130.3650263
70.166.167.38,131.0680627
72.169.65.25,131.0711861
72.195.114.169,131.0585349
72.206.181.103,131.0720617
72.206.181.97,131.0642781
72.210.208.101,131.0720077
72.210.221.223,131.0647695
72.217.216.239,131.0718235
72.221.164.34,131.0646205
72.221.232.152,131.0687459
72.49.49.11,131.0685015
74.205.128.200,131.0600806
74.208.177.198,131.0680276
75.72.55.108,131.0680642
77.220.194.58,131.0698652
77.238.79.111,131.0622631
77.39.127.61,0.165862639
77.81.30.250,31.7104369
77.83.85.30,129.9008715
77.83.86.205,131.071699
77.83.86.85,131.0637856
77.83.87.139,131.0725882
77.83.87.244,131.0642007
77.83.87.91,131.0684529
78.47.68.183,0.131346135
79.141.162.141,0.047675991
8.142.149.186,130.8821216
8.210.149.174,131.071079
8.211.20.219,131.0588098
8.219.102.0,131.0725992
8.219.97.248,131.0641779
8.242.172.174,131.0716635
8.242.176.196,0.126536076
8.242.187.227,130.9220003
80.13.0.226,131.0686087
80.252.5.34,131.0722753
80.48.119.28,131.0644562
80.84.176.110,131.0705842
81.12.106.158,0.23937014
81.12.44.197,130.8098744
81.171.24.199,131.0719836
81.200.123.74,0.134719179
81.255.13.197,130.9193268
81.91.137.42,0.225476069
82.114.90.109,130.8434598
82.114.99.202,0.147159381
82.117.252.100,130.9100488
82.147.118.164,0.300077833
82.196.11.105,130.7461131
82.200.150.194,0.247286172
82.200.215.136,130.8020267
82.210.8.173,131.067936
82.77.129.205,0.148120294
83.142.52.39,130.9172774
83.171.226.96,131.0683072
83.171.252.170,131.068549
83.171.255.35,131.0713574
83.218.186.22,131.0622181
83.77.118.53,131.0647593
83.79.50.233,0.117529954
84.201.254.47,130.9513565
84.22.61.69,131.0667716
85.14.243.31,131.0583433
85.195.104.71,0.122207748
85.217.192.39,4.339205254
85.239.36.198,130.6969159
85.239.36.43,131.058573
85.25.91.141,0.127716504
86.133.173.60,130.937564
86.57.219.210,131.0684288
87.254.207.67,131.068434
87.255.8.58,131.0349237
88.157.181.42,131.0721403
88.218.46.186,131.0637702
88.218.65.106,131.0687654
88.218.65.23,131.068168
88.218.66.41,131.0684216
88.218.67.86,131.0662572
88.218.67.94,131.0705558
88.255.217.6,0.198508886
88.255.64.94,130.8534245
89.107.197.165,131.0685009
89.111.104.2,0.126515751
89.191.229.146,0.006099545
89.191.229.231,0.006369182
90.112.136.91,130.9181649
91.106.65.107,0.254531796
91.121.175.124,0.120275487
91.121.210.56,0.121226309
91.121.34.86,130.5416437
91.186.102.169,131.0678935
91.188.246.25,131.0681462
91.188.247.139,131.0680256
91.211.245.176,0.136547171
91.226.97.108,130.9217675
91.226.97.114,131.0691142
91.226.97.177,131.0711379
91.226.97.203,131.0689545
91.226.97.206,131.0638814
91.226.97.240,131.0683736
91.226.97.26,131.0682025
91.226.97.62,131.0679347
91.226.97.76,131.0683691
91.232.241.114,131.0683254
91.235.75.33,0.159093376
91.242.228.226,130.9095629
91.242.228.249,131.0642794
92.242.254.24,131.0686412
93.120.32.13,0.265202217
93.120.32.134,0.267146927
93.120.32.154,0.170641883
93.120.32.172,0.177223121
93.120.32.18,0.173265413
93.120.32.223,0.252835793
93.120.32.252,0.172911158
93.120.32.29,0.177628061
93.120.32.73,0.157506421
93.171.164.251,0.18708115
93.174.242.68,131.0093524
93.177.116.101,131.0711571
93.177.116.167,131.0585849
93.177.116.183,131.0685748
93.177.117.144,131.0679268
93.177.117.175,131.0685106
93.177.117.244,131.0686696
93.177.117.61,131.0682718
94.103.85.88,131.0715185
94.127.219.99,131.0602223
94.74.111.50,131.061685
95.111.240.43,23.68517433
95.142.40.79,129.9004802
95.156.82.35,131.0587877
95.164.232.33,0.033836113
95.164.232.44,0.033989914
95.164.232.91,0.034211956
95.164.233.186,0.033782012
95.164.234.106,0.033799845
95.164.234.174,0.036789071
95.164.234.187,0.041508053
95.164.234.195,0.040934416
95.164.234.26,0.041265671
95.164.235.65,0.04136922
95.165.169.33,130.6266704
95.181.148.48,131.0628789
95.181.148.96,131.0641443
95.181.149.236,131.0683802
95.181.150.187,131.0709429
95.181.151.105,131.0618534
95.181.151.114,131.0614796
95.181.151.190,131.0588317
95.181.151.210,131.0683171
95.181.151.68,131.0721985
95.181.151.79,131.064673
95.182.78.3,0.143580948
95.216.106.38,130.9206795
95.216.12.141,131.0683808
95.216.40.74,0.126054251
95.216.9.166,0.126169116
96.113.159.162,0.094708868
96.36.109.242,2.667026158
97.87.248.14,130.0878049
98.162.25.16,131.0698909
98.170.57.231,131.0679763
98.175.31.195,131.0645855
98.188.47.132,131.0680547